1850,-0.6543,-0.9727,-0.7085,-0.9644,-0.584,-0.745,-0.796,-1.089,-0.6484,-0.758,-0.7075,-0.5996,-0.6772,-1.208,-0.7275,-0.731,-0.7373,-1.196,-0.7275,-0.7183,-0.6465,-0.9424,-0.88,-0.7197,-0.6978,-0.792,-0.5547,-0.879,-0.818,-0.587,-1.03,-1.15,-0.793,-0.72,-0.8975,-0.7666,-1.174,-0.59,-1.006,-1.279,-1.072,-0.689,-0.774,-0.636,-0.572,-1.13,-0.864,-0.869,-0.754,-0.894,-0.6016,-0.9785,-1.181,-0.7266,-0.581,-0.804,-0.842,-0.6562,-0.976,-1.212,-0.871,-0.921,-1.269,-0.652,-0.7407,-1.05,-0.7256,-0.846,-0.906,-0.557,-1.382,-0.9014,-0.692,-0.7686,-1.004,-0.695,-0.8887,-1.385,-1.068,-0.8125,-0.9575,-1.003,-0.7207,-0.72,-0.6226,-1.318,-0.7646,-0.7134,-1.241,-0.8145,-0.662,-0.7725,-0.805,-0.6475,-1.388,-0.7466,-0.553,-0.7207,-0.7305,-0.702
1851,-0.4917,-0.6743,-0.551,-0.809,-0.5273,-0.607,-0.735,-0.7446,-0.6865,-0.6367,-0.556,-0.3333,-0.5195,-0.9736,-0.5703,-0.8516,-0.628,-0.871,-0.745,-0.603,-0.4749,-0.765,-0.7656,-0.618,-0.64,-0.5107,-0.3303,-0.602,-0.5347,-0.5225,-0.6797,-0.8193,-0.4658,-0.623,-0.9697,-0.6074,-0.8833,-0.55,-0.712,-1.101,-0.783,-0.6094,-0.6904,-0.564,-0.2603,-0.825,-0.6406,-0.4312,-0.5864,-0.8306,-0.319,-0.8843,-0.935,-0.6255,-0.3794,-0.9062,-0.4902,-0.5366,-0.794,-0.9272,-0.6196,-0.6055,-0.9854,-0.4065,-0.5396,-0.7573,-0.6187,-0.624,-0.648,-0.44,-1.117,-0.703,-0.528,-0.5947,-0.7817,-0.593,-0.5747,-1.08,-0.8228,-0.549,-0.9253,-0.669,-0.5674,-0.5576,-0.414,-1.04,-0.6797,-0.4712,-1.014,-0.5825,-0.543,-0.6855,-0.7026,-0.5664,-1.181,-0.5747,-0.4973,-0.5913,-0.4731,-0.564
1852,-0.5034,-0.704,-0.568,-0.57,-0.5444,-0.686,-0.7104,-0.7363,-0.6094,-0.717,-0.593,-0.4219,-0.533,-0.9033,-0.693,-0.661,-0.654,-0.9097,-0.712,-0.631,-0.4849,-0.6904,-0.7344,-0.6377,-0.6865,-0.6836,-0.3572,-0.805,-0.6436,-0.5527,-0.978,-0.7705,-0.6567,-0.661,-0.744,-0.672,-0.9033,-0.5415,-0.865,-0.9707,-1.004,-0.577,-0.637,-0.604,-0.411,-0.8125,-0.6436,-0.6753,-0.5234,-0.7773,-0.535,-0.734,-0.9146,-0.6445,-0.557,-0.6646,-0.804,-0.518,-0.879,-0.892,-0.6553,-0.8516,-0.9604,-0.582,-0.8286,-0.772,-0.603,-0.787,-0.6875,-0.4104,-1.149,-0.8135,-0.646,-0.6006,-0.969,-0.661,-0.603,-1.059,-0.8228,-0.718,-0.9175,-1.045,-0.676,-0.6475,-0.5317,-1.0205,-0.7114,-0.613,-0.9575,-0.686,-0.5215,-0.8013,-0.388,-0.6494,-1.118,-0.6343,-0.4673,-0.6914,-0.631,-0.6343
1853,-0.538,-0.991,-0.5986,-0.7266,-0.561,-0.6973,-0.733,-0.804,-0.5835,-0.7163,-0.624,-0.4324,-0.5684,-0.8794,-0.605,-0.749,-0.656,-0.9634,-0.7686,-0.632,-0.5283,-0.742,-0.7285,-0.6655,-0.6685,-0.652,-0.4397,-0.7285,-0.6934,-0.5527,-0.9004,-0.8745,-0.731,-0.6724,-0.786,-0.632,-0.896,-0.6226,-0.6978,-1.089,-0.8716,-0.6133,-0.4973,-0.6,-0.3318,-0.8257,-0.656,-0.5894,-0.5347,-0.7944,-0.477,-0.7383,-0.895,-0.673,-0.6143,-0.7847,-0.6987,-0.581,-0.981,-0.943,-0.627,-0.912,-1.01,-0.5635,-0.619,-0.7725,-0.658,-0.8003,-0.7476,-0.457,-1.193,-0.7485,-0.6143,-0.6294,-0.839,-0.6304,-0.6475,-1.114,-0.8555,-0.678,-0.9023,-0.8213,-0.6567,-0.6514,-0.6104,-0.983,-0.7026,-0.7,-0.9663,-0.7246,-0.5605,-0.6787,-0.6045,-0.6387,-1.145,-0.7354,-0.4873,-0.6465,-0.4675,-0.5776
1854,-0.5547,-0.793,-0.608,-0.781,-0.54,-0.6514,-0.717,-0.8135,-0.5435,-0.6836,-0.6436,-0.4097,-0.5796,-0.87,-0.4333,-0.738,-0.613,-0.89,-0.8315,-0.603,-0.484,-0.778,-0.7246,-0.628,-0.642,-0.3848,-0.3928,-0.7163,-0.6436,-0.5396,-0.623,-0.8364,-0.3362,-0.6924,-0.8193,-0.6055,-0.905,-0.7305,-0.447,-1.113,-0.5913,-0.5986,-0.5386,-0.591,-0.2917,-0.9062,-0.7495,-0.2482,-0.617,-0.854,-0.391,-0.8013,-0.911,-0.6353,-0.519,-0.689,-0.4312,-0.5,-0.4675,-0.9395,-0.429,-0.623,-0.994,-0.527,-0.3586,-0.8184,-0.609,-0.3396,-0.769,-0.4355,-1.111,-0.5376,-0.635,-0.5884,-0.5205,-0.64,-0.672,-1.112,-0.9097,-0.4812,-0.7017,-0.5527,-0.628,-0.641,-0.4868,-0.9985,-0.6724,-0.318,-0.935,-0.639,-0.504,-0.3877,-0.7,-0.5713,-1.111,-0.654,-0.4988,-0.631,-0.2184,-0.5977
1855,-0.584,-0.7544,-0.64,-0.809,-0.565,-0.6504,-0.6777,-0.834,-0.733,-0.723,-0.6357,-0.546,-0.6064,-0.7183,-0.526,-0.653,-0.5947,-0.7744,-0.6772,-0.6616,-0.4873,-0.7373,-0.676,-0.684,-0.68,-0.3044,-0.4941,-0.774,-0.783,-0.538,-0.4863,-1.038,-0.299,-0.5806,-0.7773,-0.6396,-0.6504,-0.5674,-0.4526,-0.8804,-0.4656,-0.647,-0.565,-0.6235,-0.5923,-0.5938,-0.7554,-0.3672,-0.681,-0.601,-0.5874,-0.8296,-0.6157,-0.6914,-0.6914,-0.742,-0.4094,-0.5464,-0.4531,-0.8975,-0.4087,-0.4785,-0.8745,-0.6416,-0.343,-0.938,-0.641,-0.3748,-0.7246,-0.435,-0.8765,-0.361,-0.6436,-0.6475,-0.506,-0.661,-0.616,-0.9004,-0.742,-0.3818,-0.7695,-0.4553,-0.6836,-0.6665,-0.712,-0.767,-0.6675,-0.2903,-0.9395,-0.714,-0.543,-0.4746,-0.731,-0.619,-0.794,-0.658,-0.4922,-0.6597,-0.3132,-0.6274
1856,-0.6475,-0.9424,-0.7017,-0.9224,-0.6562,-0.6714,-0.798,-0.876,-0.854,-0.7373,-0.6987,-0.544,-0.665,-0.906,-0.4995,-0.787,-0.6714,-0.9556,-0.9033,-0.6025,-0.536,-0.7554,-0.7705,-0.7017,-0.7334,-0.4832,-0.5767,-0.8574,-0.7705,-0.631,-0.548,-1.158,-0.4138,-0.702,-0.846,-0.6953,-0.756,-0.7056,-0.512,-0.935,-0.655,-0.774,-0.715,-0.76,-0.6533,-0.833,-0.7544,-0.679,-0.7676,-0.8774,-0.6875,-0.8516,-0.781,-0.709,-0.691,-0.789,-0.517,-0.604,-0.6196,-0.985,-0.6353,-0.657,-0.922,-0.62,-0.44,-1.065,-0.648,-0.4216,-0.815,-0.512,-0.989,-0.49,-0.636,-0.64,-0.6196,-0.646,-0.818,-0.981,-0.9233,-0.5396,-0.988,-0.5737,-0.7017,-0.6714,-0.6323,-0.9194,-0.7354,-0.4902,-1.12,-0.709,-0.574,-0.4448,-0.719,-0.63,-0.969,-0.7227,-0.717,-0.6685,-0.557,-0.713
1857,-0.761,-1.014,-0.8047,-0.985,-0.6875,-0.7563,-0.858,-0.94,-0.8975,-0.823,-0.7617,-0.7725,-0.774,-0.9624,-0.7153,-0.974,-0.797,-0.932,-0.9233,-0.7573,-0.592,-0.8564,-0.923,-0.803,-0.7896,-0.7134,-0.664,-0.93,-0.9736,-0.6846,-0.7915,-1.197,-0.717,-0.819,-0.999,-0.7607,-0.7964,-0.741,-0.546,-1.068,-0.8096,-0.7764,-0.9087,-0.7495,-0.7246,-0.917,-0.9077,-0.7236,-0.904,-1.03,-0.801,-1.093,-0.8184,-0.8105,-0.747,-1.057,-0.757,-0.655,-0.7607,-1.077,-0.8354,-0.709,-0.9414,-0.747,-0.8633,-1.106,-0.699,-0.6973,-0.89,-0.5273,-0.9644,-0.6416,-0.759,-0.7925,-0.7676,-0.8726,-0.9233,-1.076,-1.047,-0.824,-1.071,-0.825,-0.787,-0.7393,-0.773,-0.972,-0.8486,-0.687,-1.174,-0.8867,-0.6113,-0.7954,-0.9126,-0.746,-1.02,-0.806,-0.7104,-0.8203,-0.775,-0.769
1858,-0.724,-0.8003,-0.766,-0.75,-0.643,-0.6724,-0.782,-0.8843,-0.7734,-0.769,-0.641,-0.6035,-0.7397,-0.883,-0.663,-0.743,-0.7188,-0.854,-0.746,-0.624,-0.553,-0.7515,-0.8853,-0.755,-0.6963,-0.7993,-0.5396,-0.7124,-0.768,-0.636,-0.715,-1.063,-0.592,-0.678,-0.826,-0.7393,-0.716,-0.6753,-0.4817,-0.8945,-0.7134,-0.702,-0.7427,-0.6826,-0.6304,-0.7256,-0.871,-0.5347,-0.78,-0.7583,-0.584,-0.8003,-0.7944,-0.762,-0.6274,-0.6997,-0.5825,-0.6416,-0.793,-0.9673,-0.6924,-0.62,-0.919,-0.6323,-0.825,-1.054,-0.7114,-0.616,-0.8823,-0.5234,-0.927,-0.732,-0.67,-0.645,-0.642,-0.7197,-0.7417,-0.964,-0.8804,-0.7427,-0.8135,-0.7476,-0.6616,-0.7017,-0.5513,-0.9604,-0.759,-0.6133,-1.076,-0.6743,-0.6416,-0.676,-0.599,-0.66,-0.9414,-0.693,-0.658,-0.708,-0.67,-0.657
1859,-0.5664,-0.62,-0.6045,-0.76,-0.553,-0.6885,-0.648,-0.8135,-0.636,-0.7163,-0.619,-0.538,-0.5874,-0.767,-0.4524,-0.675,-0.598,-0.8555,-0.7393,-0.647,-0.4285,-0.7363,-0.7637,-0.696,-0.624,-0.633,-0.392,-0.6665,-0.671,-0.5205,-0.494,-0.9795,-0.56,-0.642,-0.7397,-0.6943,-0.6846,-0.701,-0.477,-0.8843,-0.571,-0.6133,-0.598,-0.5894,-0.4863,-0.7627,-0.7256,-0.5796,-0.8306,-0.663,-0.502,-0.7485,-0.711,-0.703,-0.617,-0.691,-0.627,-0.5117,-0.6387,-0.8677,-0.589,-0.518,-0.8315,-0.5693,-0.608,-0.977,-0.626,-0.484,-0.804,-0.4321,-0.866,-0.606,-0.6743,-0.6514,-0.493,-0.618,-0.8066,-0.8726,-0.915,-0.52,-0.708,-0.52,-0.6514,-0.628,-0.5903,-0.8525,-0.713,-0.575,-0.968,-0.6064,-0.5176,-0.5522,-0.596,-0.5703,-0.8174,-0.607,-0.5005,-0.5713,-0.6445,-0.6353
1860,-0.616,-0.79,-0.6504,-0.892,-0.657,-0.718,-0.81,-0.8496,-0.8,-0.751,-0.7505,-0.6553,-0.6357,-0.9717,-0.692,-0.765,-0.68,-0.863,-0.7427,-0.666,-0.6426,-0.8193,-0.8496,-0.706,-0.7197,-0.7495,-0.565,-0.8213,-0.8027,-0.62,-0.6523,-0.942,-0.575,-0.767,-0.901,-0.687,-0.8413,-0.6235,-0.4766,-0.8604,-0.732,-0.729,-0.8022,-0.695,-0.625,-0.8257,-0.799,-0.482,-0.741,-0.9355,-0.6533,-0.8345,-0.859,-0.7134,-0.678,-0.842,-0.6255,-0.7,-0.6655,-0.9307,-0.615,-0.634,-0.9194,-0.616,-0.5947,-0.8228,-0.763,-0.6094,-0.872,-0.605,-1.0205,-0.586,-0.7153,-0.704,-0.731,-0.7705,-0.8945,-0.95,-0.9385,-0.7153,-0.94,-0.657,-0.714,-0.6836,-0.6436,-0.928,-0.7637,-0.751,-1.047,-0.6895,-0.613,-0.7036,-0.7373,-0.682,-0.9824,-0.683,-0.631,-0.7437,-0.676,-0.6655
1861,-0.693,-1.08,-0.7188,-0.828,-0.696,-0.7573,-0.7954,-1.028,-0.9355,-0.8296,-0.7554,-0.759,-0.723,-1.043,-0.5767,-0.928,-0.6987,-1.006,-0.9053,-0.718,-0.684,-0.967,-0.8716,-0.772,-0.7627,-0.711,-0.6846,-0.8584,-0.9136,-0.6626,-0.576,-1.017,-0.6953,-0.8496,-0.991,-0.757,-0.9736,-0.7593,-0.5815,-0.92,-0.798,-0.7485,-0.8228,-0.719,-0.7803,-0.9126,-0.892,-0.488,-0.877,-1.049,-0.7715,-0.9565,-0.9966,-0.7793,-0.7905,-0.835,-0.657,-0.75,-0.7285,-0.9556,-0.7456,-0.5845,-1.059,-0.7485,-0.6616,-0.9326,-0.8296,-0.571,-0.9575,-0.651,-1.089,-0.6436,-0.799,-0.747,-0.712,-0.78,-0.9517,-0.9956,-1.022,-0.6084,-0.9966,-0.6133,-0.7476,-0.743,-0.7017,-1.032,-0.8105,-0.7017,-1.149,-0.7573,-0.672,-0.6226,-0.866,-0.7163,-1.052,-0.8604,-0.6533,-0.753,-0.5723,-0.744
1862,-0.786,-1.023,-0.809,-0.9604,-0.739,-0.7764,-0.9155,-1.131,-1.154,-0.894,-0.8555,-0.9565,-0.8193,-1.04,-0.7886,-1.014,-0.798,-1.077,-1.092,-0.768,-0.7617,-1.107,-0.97,-0.8247,-0.812,-0.8877,-0.876,-1.029,-1.075,-0.704,-0.6494,-1.179,-0.771,-0.8267,-1.025,-0.8027,-1.09,-0.969,-0.6343,-1.0625,-0.788,-0.8306,-0.931,-0.8022,-0.913,-1.116,-0.971,-0.673,-1.025,-1.026,-0.9556,-0.9883,-1.001,-0.8315,-0.959,-1.118,-0.7,-0.813,-0.7593,-1.08,-0.957,-0.801,-1.131,-0.869,-0.7783,-1.027,-0.8706,-0.7075,-0.9927,-0.7183,-1.158,-0.634,-0.813,-0.8267,-0.708,-0.8687,-1.082,-1.15,-1.149,-0.8286,-1.091,-0.651,-0.8354,-0.7705,-0.7783,-1.048,-0.8535,-0.735,-1.134,-0.968,-0.7554,-0.6978,-0.9673,-0.774,-1.1,-0.818,-0.736,-0.747,-0.7803,-0.7876
1863,-0.5894,-0.7207,-0.613,-0.696,-0.6577,-0.744,-0.72,-0.935,-0.92,-0.7817,-0.78,-0.7734,-0.6274,-0.9453,-0.4849,-0.739,-0.7227,-0.926,-0.746,-0.76,-0.598,-0.8364,-0.746,-0.6953,-0.7407,-0.6284,-0.654,-0.754,-0.8896,-0.5664,-0.5347,-0.9653,-0.3494,-0.7725,-0.8022,-0.739,-0.8896,-0.6543,-0.53,-0.8486,-0.6333,-0.693,-0.628,-0.6655,-0.7866,-0.9395,-0.817,-0.5996,-0.7827,-0.8267,-0.6733,-0.7993,-0.8174,-0.7026,-0.8022,-0.813,-0.704,-0.674,-0.517,-0.879,-0.7236,-0.62,-0.95,-0.7393,-0.6025,-0.803,-0.7437,-0.6553,-0.932,-0.5664,-1.013,-0.6177,-0.704,-0.736,-0.718,-0.7407,-0.9326,-0.948,-1.004,-0.6636,-0.8374,-0.643,-0.745,-0.7485,-0.7285,-0.931,-0.7637,-0.5293,-1.032,-0.7915,-0.652,-0.637,-0.631,-0.7188,-0.973,-0.716,-0.5303,-0.768,-0.6035,-0.6953
1864,-0.7725,-0.8013,-0.8037,-0.7173,-0.636,-0.871,-0.804,-0.8867,-0.8184,-0.807,-0.7646,-0.7246,-0.8174,-0.8584,-0.837,-0.7236,-0.742,-0.869,-0.752,-0.777,-0.621,-0.8613,-1.012,-0.784,-0.71,-0.845,-0.6,-0.769,-0.8433,-0.601,-0.5776,-0.9404,-0.5645,-0.818,-0.8003,-0.717,-0.827,-0.743,-0.5864,-0.9004,-0.813,-0.7446,-0.829,-0.699,-0.6606,-0.943,-0.7676,-0.633,-0.818,-0.8926,-0.636,-0.8633,-0.777,-0.7915,-0.7573,-0.73,-0.8564,-0.646,-0.6855,-0.8657,-0.9644,-0.7544,-0.913,-0.759,-0.8745,-0.779,-0.721,-0.8403,-0.838,-0.573,-0.8813,-0.595,-0.7295,-0.772,-0.752,-0.787,-0.874,-0.898,-1.009,-0.7896,-0.817,-0.6616,-0.7637,-0.718,-0.6846,-0.838,-0.85,-0.8223,-0.9404,-0.7583,-0.617,-0.742,-0.8022,-0.697,-0.8633,-0.7656,-0.5327,-0.784,-0.674,-0.667
1865,-0.5615,-0.655,-0.5923,-0.7554,-0.592,-0.711,-0.6846,-0.7593,-0.646,-0.6284,-0.6924,-0.574,-0.6206,-0.9375,-0.5347,-0.59,-0.6826,-0.845,-0.646,-0.64,-0.5312,-0.7354,-0.891,-0.6416,-0.633,-0.637,-0.4006,-0.7515,-0.6895,-0.5605,-0.4504,-0.922,-0.5347,-0.6987,-0.757,-0.637,-0.6973,-0.5977,-0.5327,-0.698,-0.569,-0.6553,-0.788,-0.648,-0.597,-0.8833,-0.6396,-0.7056,-0.602,-0.8354,-0.503,-0.6855,-0.877,-0.649,-0.647,-0.728,-0.812,-0.492,-0.5356,-0.84,-0.8145,-0.5103,-0.6836,-0.6255,-0.6753,-0.6733,-0.6294,-0.547,-0.8145,-0.4353,-0.909,-0.629,-0.6094,-0.636,-0.4524,-0.673,-0.7773,-0.7397,-0.868,-0.794,-0.8057,-0.4548,-0.666,-0.657,-0.5625,-0.8467,-0.7188,-0.6045,-0.978,-0.6035,-0.5093,-0.536,-0.6406,-0.5728,-0.7373,-0.6074,-0.462,-0.6484,-0.4348,-0.555
1866,-0.536,-0.7627,-0.575,-0.576,-0.5786,-0.701,-0.637,-0.8154,-0.7456,-0.657,-0.7124,-0.625,-0.6035,-0.824,-0.5493,-0.693,-0.6484,-0.7666,-0.665,-0.6504,-0.539,-0.7856,-0.792,-0.692,-0.6406,-0.661,-0.4646,-0.642,-0.7695,-0.5625,-0.579,-0.9243,-0.6206,-0.6997,-0.675,-0.6523,-0.7354,-0.677,-0.4265,-0.74,-0.6494,-0.6797,-0.7476,-0.627,-0.552,-0.875,-0.749,-0.595,-0.669,-0.752,-0.546,-0.7715,-0.779,-0.699,-0.72,-0.7227,-0.6646,-0.531,-0.63,-0.85,-0.8345,-0.599,-0.7295,-0.7065,-0.632,-0.7344,-0.6475,-0.578,-0.715,-0.4482,-0.867,-0.4456,-0.6846,-0.6094,-0.656,-0.7188,-0.745,-0.8125,-0.8145,-0.8184,-0.6855,-0.5615,-0.659,-0.5864,-0.6274,-0.885,-0.703,-0.562,-0.9707,-0.655,-0.522,-0.7393,-0.626,-0.6064,-0.715,-0.6978,-0.4268,-0.7314,-0.6167,-0.565
1867,-0.604,-0.6787,-0.645,-0.5474,-0.6606,-0.686,-0.7236,-0.8267,-0.879,-0.624,-0.6333,-0.7407,-0.6787,-0.7715,-0.802,-0.684,-0.666,-0.7803,-0.601,-0.6484,-0.6084,-0.8794,-0.927,-0.6147,-0.606,-0.7354,-0.6597,-0.649,-0.8433,-0.6016,-0.47,-0.942,-0.4233,-0.688,-0.724,-0.664,-0.7505,-0.667,-0.4568,-0.8145,-0.569,-0.7075,-0.7476,-0.6655,-0.588,-0.75,-0.7427,-0.607,-0.713,-0.699,-0.7114,-0.639,-0.785,-0.622,-0.7676,-0.611,-0.6875,-0.651,-0.685,-0.8164,-0.7124,-0.577,-0.738,-0.738,-0.5605,-0.7197,-0.729,-0.68,-0.753,-0.5376,-0.8926,-0.6465,-0.675,-0.593,-0.5957,-0.6846,-0.669,-0.8267,-0.7563,-0.814,-0.6543,-0.529,-0.669,-0.6636,-0.7437,-0.8135,-0.7305,-0.6484,-0.898,-0.7935,-0.616,-0.7085,-0.5176,-0.6104,-0.6753,-0.6694,-0.5747,-0.6187,-0.577,-0.5645
1868,-0.554,-0.6465,-0.5913,-0.634,-0.6455,-0.688,-0.682,-0.798,-0.754,-0.651,-0.679,-0.669,-0.6196,-0.811,-0.5415,-0.4822,-0.611,-0.823,-0.648,-0.57,-0.5073,-0.768,-1.0205,-0.6055,-0.5957,-0.6753,-0.574,-0.6562,-0.743,-0.5845,-0.6475,-0.8696,-0.588,-0.641,-0.681,-0.581,-0.7,-0.6646,-0.4336,-0.784,-0.8564,-0.661,-0.675,-0.643,-0.643,-0.796,-0.6426,-0.5894,-0.6655,-0.6865,-0.651,-0.635,-0.7773,-0.613,-0.6807,-0.63,-0.766,-0.5522,-0.673,-0.814,-0.773,-0.702,-0.687,-0.6987,-0.683,-0.69,-0.659,-0.549,-0.7314,-0.493,-0.89,-0.678,-0.628,-0.6255,-0.7407,-0.6494,-0.7207,-0.7886,-0.801,-0.768,-0.7065,-0.5,-0.632,-0.6235,-0.5947,-0.8545,-0.7603,-0.6807,-0.974,-0.7217,-0.567,-0.743,-0.5996,-0.5386,-0.685,-0.6123,-0.5703,-0.601,-0.5757,-0.5615
1869,-0.598,-0.6753,-0.618,-0.5815,-0.5913,-0.6636,-0.711,-0.7217,-0.7153,-0.6543,-0.651,-0.6167,-0.6543,-0.8,-0.589,-0.697,-0.637,-0.7173,-0.6143,-0.556,-0.449,-0.7764,-0.6763,-0.6226,-0.6025,-0.639,-0.5166,-0.6255,-0.642,-0.5464,-0.4363,-0.8286,-0.5044,-0.614,-0.6978,-0.6143,-0.688,-0.5713,-0.2617,-0.698,-0.5005,-0.605,-0.7476,-0.6064,-0.5864,-0.6997,-0.661,-0.35,-0.6284,-0.666,-0.541,-0.6685,-0.7583,-0.63,-0.5854,-0.59,-0.66,-0.472,-0.4492,-0.74,-0.78,-0.457,-0.655,-0.585,-0.533,-0.6616,-0.6396,-0.511,-0.737,-0.4111,-0.8276,-0.4675,-0.552,-0.6284,-0.5083,-0.621,-0.6494,-0.6597,-0.7197,-0.576,-0.689,-0.511,-0.5957,-0.595,-0.5645,-0.8945,-0.6216,-0.5083,-0.938,-0.6685,-0.508,-0.5312,-0.585,-0.5503,-0.631,-0.6113,-0.4946,-0.6245,-0.598,-0.53
1870,-0.5938,-0.778,-0.6235,-0.704,-0.6284,-0.686,-0.8076,-0.7935,-0.728,-0.6826,-0.6304,-0.663,-0.645,-0.8975,-0.7344,-0.8174,-0.5815,-0.825,-0.709,-0.673,-0.5283,-0.9062,-0.8105,-0.712,-0.6484,-0.765,-0.6006,-0.725,-0.6978,-0.5884,-0.615,-0.8594,-0.575,-0.6997,-0.7524,-0.671,-0.8643,-0.6245,-0.6025,-0.861,-0.6436,-0.66,-0.6787,-0.636,-0.6763,-0.7295,-0.7295,-0.4307,-0.763,-0.806,-0.638,-0.731,-0.887,-0.719,-0.658,-0.715,-0.7456,-0.5913,-0.7354,-0.8193,-0.843,-0.5947,-0.8477,-0.674,-0.6035,-0.756,-0.7305,-0.69,-0.803,-0.541,-0.924,-0.65,-0.6323,-0.6265,-0.7817,-0.663,-0.784,-0.851,-0.801,-0.6597,-0.8315,-0.541,-0.66,-0.647,-0.6206,-0.952,-0.73,-0.7554,-1.018,-0.687,-0.5835,-0.6245,-0.653,-0.645,-0.852,-0.6763,-0.615,-0.665,-0.5933,-0.6206
1871,-0.632,-0.7827,-0.6543,-0.67,-0.616,-0.748,-0.7896,-0.8374,-0.7764,-0.754,-0.71,-0.5977,-0.6865,-0.935,-0.826,-0.857,-0.6567,-0.858,-0.764,-0.694,-0.559,-1.005,-0.799,-0.6904,-0.658,-0.867,-0.5806,-0.679,-0.73,-0.5825,-0.7075,-0.9316,-0.668,-0.696,-0.839,-0.6523,-0.8716,-0.6895,-0.732,-0.898,-0.732,-0.6904,-0.7812,-0.6416,-0.716,-0.8213,-0.7607,-0.518,-0.7886,-0.79,-0.6606,-0.7856,-0.9053,-0.6973,-0.7466,-0.7725,-0.9004,-0.593,-0.9175,-0.878,-0.8633,-0.672,-0.875,-0.669,-0.6533,-0.822,-0.7227,-0.822,-0.816,-0.5513,-0.9336,-0.7554,-0.653,-0.6772,-0.702,-0.736,-0.8174,-0.9634,-0.868,-0.9697,-0.773,-0.72,-0.636,-0.685,-0.6323,-0.9614,-0.7266,-0.643,-1.023,-0.7505,-0.5664,-0.8906,-0.783,-0.6934,-0.8857,-0.684,-0.5854,-0.6416,-0.7456,-0.592
1872,-0.5645,-0.753,-0.5854,-0.683,-0.604,-0.6694,-0.8174,-0.7617,-0.62,-0.682,-0.614,-0.513,-0.6147,-0.888,-0.7686,-0.705,-0.6074,-0.827,-0.7163,-0.6255,-0.5977,-0.8735,-0.8574,-0.668,-0.607,-0.6206,-0.413,-0.641,-0.592,-0.5596,-0.604,-0.8486,-0.6914,-0.6533,-0.7603,-0.6265,-0.7886,-0.6313,-0.6895,-0.7856,-0.8228,-0.6567,-0.663,-0.6426,-0.579,-0.752,-0.7173,-0.6514,-0.679,-0.737,-0.5537,-0.7515,-0.8506,-0.6753,-0.578,-0.715,-0.7656,-0.6523,-0.7373,-0.748,-0.8735,-0.5923,-0.8003,-0.4482,-0.747,-0.722,-0.742,-0.791,-0.794,-0.539,-0.9067,-0.734,-0.645,-0.6274,-0.708,-0.6206,-0.813,-0.8335,-0.8574,-0.643,-0.7886,-0.7603,-0.5938,-0.649,-0.45,-0.915,-0.7485,-0.8145,-1.002,-0.5757,-0.5474,-0.7847,-0.6924,-0.6177,-0.7695,-0.6567,-0.5693,-0.694,-0.6816,-0.638
1873,-0.628,-0.658,-0.6377,-0.731,-0.62,-0.664,-0.844,-0.8267,-0.696,-0.687,-0.6636,-0.5757,-0.675,-0.919,-0.7334,-0.697,-0.6396,-0.8765,-0.7275,-0.6577,-0.6177,-0.984,-0.835,-0.6665,-0.6978,-0.709,-0.5356,-0.708,-0.6978,-0.5645,-0.4521,-0.8975,-0.6064,-0.7397,-0.7715,-0.6597,-0.863,-0.7017,-0.5537,-0.885,-0.567,-0.6724,-0.678,-0.657,-0.64,-0.711,-0.7344,-0.3408,-0.7554,-0.7925,-0.639,-0.7466,-0.8755,-0.674,-0.5957,-0.6577,-0.6494,-0.6304,-0.6133,-0.818,-0.77,-0.636,-0.882,-0.52,-0.574,-0.7534,-0.7104,-0.572,-0.8276,-0.54,-0.9653,-0.5693,-0.71,-0.645,-0.542,-0.6895,-0.754,-0.912,-0.7847,-0.583,-0.7305,-0.528,-0.688,-0.681,-0.4958,-0.9033,-0.758,-0.5254,-1.013,-0.643,-0.5547,-0.507,-0.583,-0.674,-0.8037,-0.639,-0.6255,-0.6675,-0.6753,-0.644
1874,-0.696,-0.744,-0.7046,-0.677,-0.608,-0.7793,-0.895,-0.998,-0.6772,-0.747,-0.739,-0.568,-0.742,-1.0205,-0.6553,-0.699,-0.7163,-0.991,-0.7393,-0.7065,-0.63,-1.054,-0.847,-0.782,-0.737,-0.635,-0.4858,-0.729,-0.6753,-0.5645,-0.5557,-1.0625,-0.5327,-0.762,-0.823,-0.744,-1.036,-0.6836,-0.442,-0.9663,-0.5938,-0.6973,-0.6924,-0.667,-0.617,-0.9434,-0.828,-0.3918,-0.8467,-0.7666,-0.6294,-0.7295,-0.9917,-0.7896,-0.5923,-0.6426,-0.6353,-0.683,-0.6177,-0.9937,-0.665,-0.582,-1.064,-0.4788,-0.535,-0.9644,-0.722,-0.549,-0.8633,-0.604,-1.105,-0.535,-0.7573,-0.699,-0.561,-0.835,-1.01,-1.101,-1.038,-0.6953,-0.7817,-0.5386,-0.7427,-0.779,-0.4663,-1.01,-0.819,-0.4111,-1.13,-0.589,-0.5796,-0.609,-0.736,-0.7085,-0.903,-0.7383,-0.6494,-0.7417,-0.689,-0.7417
1875,-0.7036,-0.7544,-0.7144,-0.7505,-0.6416,-0.735,-0.849,-0.881,-0.816,-0.675,-0.689,-0.745,-0.7583,-0.952,-0.9146,-0.7905,-0.6724,-0.864,-0.7935,-0.6387,-0.6416,-0.8564,-0.805,-0.679,-0.718,-0.789,-0.669,-0.7554,-0.8657,-0.5947,-0.727,-1.001,-0.6763,-0.7246,-0.8115,-0.713,-0.8403,-0.7,-0.5454,-0.83,-0.7905,-0.664,-0.8027,-0.7124,-0.729,-0.859,-0.8027,-0.652,-0.7593,-0.848,-0.7925,-0.807,-0.956,-0.6865,-0.8213,-0.83,-0.7715,-0.6772,-0.674,-0.8423,-0.7827,-0.651,-0.9175,-0.705,-0.652,-0.882,-0.763,-0.6885,-0.8125,-0.57,-0.878,-0.7837,-0.6816,-0.6733,-0.8066,-0.6904,-0.867,-0.9126,-0.8213,-0.6934,-0.8203,-0.7324,-0.6675,-0.6826,-0.712,-0.9385,-0.731,-0.7544,-1.084,-0.7466,-0.6255,-0.9126,-0.741,-0.6606,-0.7856,-0.6514,-0.5356,-0.681,-0.7354,-0.634
1876,-0.706,-0.8394,-0.7007,-0.705,-0.669,-0.6533,-0.882,-0.8984,-0.7866,-0.7026,-0.654,-0.6772,-0.753,-0.943,-0.6616,-0.8193,-0.6577,-0.93,-0.7373,-0.632,-0.671,-0.8096,-0.8594,-0.702,-0.6577,-0.7124,-0.6396,-0.807,-0.7964,-0.6064,-0.508,-0.979,-0.6274,-0.6826,-0.8364,-0.658,-0.8345,-0.6567,-0.554,-0.854,-0.59,-0.692,-0.7437,-0.713,-0.6797,-0.944,-0.8516,-0.616,-0.755,-0.8364,-0.7524,-0.86,-0.9526,-0.709,-0.7573,-0.7544,-0.555,-0.7124,-0.624,-0.8525,-0.7095,-0.544,-0.9224,-0.6777,-0.651,-0.8804,-0.7646,-0.647,-0.905,-0.6,-0.9507,-0.588,-0.6665,-0.615,-0.648,-0.6953,-0.926,-0.872,-0.9097,-0.6997,-0.8003,-0.5884,-0.668,-0.666,-0.648,-0.9336,-0.701,-0.6255,-1.064,-0.681,-0.6562,-0.6367,-0.7344,-0.6616,-0.8247,-0.676,-0.5996,-0.656,-0.6807,-0.6035
1877,-0.398,-0.3684,-0.3865,-0.3657,-0.4712,-0.402,-0.547,-0.478,-0.3892,-0.3357,-0.4329,-0.35,-0.4478,-0.4927,-0.3794,-0.405,-0.3818,-0.5703,-0.3608,-0.3584,-0.2903,-0.4294,-0.5435,-0.4429,-0.377,-0.2927,-0.3057,-0.415,-0.49,-0.441,-0.2817,-0.582,-0.2461,-0.4197,-0.4023,-0.4028,-0.4329,-0.343,-0.1752,-0.4893,-0.2773,-0.432,-0.467,-0.4885,-0.266,-0.4648,-0.4788,-0.2207,-0.331,-0.4412,-0.3618,-0.4292,-0.5024,-0.45,-0.5,-0.4094,-0.3333,-0.2563,-0.2915,-0.481,-0.4382,-0.2969,-0.521,-0.464,-0.3005,-0.4841,-0.525,-0.2961,-0.506,-0.288,-0.575,-0.2202,-0.3696,-0.3418,-0.4922,-0.4285,-0.4353,-0.5024,-0.4585,-0.3674,-0.424,-0.256,-0.4075,-0.4175,-0.399,-0.4734,-0.4585,-0.3582,-0.5938,-0.3684,-0.378,-0.3167,-0.37,-0.3394,-0.3662,-0.358,-0.2817,-0.3716,-0.2915,-0.4023
1878,-0.309,-0.3113,-0.291,-0.2854,-0.442,-0.3232,-0.592,-0.4202,-0.2947,-0.3472,-0.2935,-0.2114,-0.3545,-0.477,-0.2408,-0.3083,-0.3218,-0.4846,-0.2852,-0.3135,-0.2598,-0.3818,-0.385,-0.355,-0.3108,-0.3381,-0.1696,-0.3042,-0.2966,-0.41,-0.1141,-0.5527,-0.2101,-0.3242,-0.363,-0.3347,-0.388,-0.2825,-0.2158,-0.4368,-0.2502,-0.428,-0.326,-0.468,-0.1359,-0.3755,-0.4429,-0.10834,-0.342,-0.3425,-0.2534,-0.2927,-0.461,-0.3623,-0.323,-0.2585,-0.3684,-0.2954,-0.2415,-0.4192,-0.3762,-0.2788,-0.432,-0.3098,-0.2888,-0.403,-0.464,-0.2279,-0.473,-0.272,-0.505,-0.276,-0.2947,-0.2693,-0.4277,-0.3555,-0.4006,-0.4563,-0.36,-0.383,-0.3906,-0.294,-0.3052,-0.331,-0.2129,-0.4346,-0.335,-0.2197,-0.547,-0.2054,-0.3562,-0.1539,-0.1859,-0.2625,-0.3372,-0.295,-0.2998,-0.3262,-0.3157,-0.2883
1879,-0.5835,-0.707,-0.5728,-0.6343,-0.581,-0.604,-0.7363,-0.8228,-0.6157,-0.593,-0.602,-0.525,-0.624,-0.843,-0.5786,-0.7026,-0.529,-0.7437,-0.63,-0.4905,-0.4998,-0.684,-0.6655,-0.627,-0.5815,-0.591,-0.4683,-0.6943,-0.639,-0.552,-0.5728,-0.8965,-0.51,-0.5845,-0.6797,-0.575,-0.7407,-0.55,-0.427,-0.745,-0.649,-0.608,-0.686,-0.6123,-0.4534,-0.7085,-0.7783,-0.549,-0.6113,-0.6846,-0.6,-0.71,-0.8384,-0.6343,-0.5967,-0.674,-0.557,-0.5645,-0.6245,-0.7725,-0.657,-0.524,-0.8105,-0.5244,-0.616,-0.795,-0.6943,-0.4832,-0.764,-0.5073,-0.769,-0.5903,-0.598,-0.559,-0.738,-0.609,-0.761,-0.8364,-0.721,-0.6826,-0.7144,-0.602,-0.598,-0.557,-0.448,-0.8047,-0.593,-0.711,-0.953,-0.527,-0.562,-0.601,-0.726,-0.5327,-0.713,-0.5923,-0.514,-0.5894,-0.601,-0.5044
1880,-0.589,-0.7495,-0.562,-0.691,-0.6294,-0.6255,-0.803,-0.8604,-0.799,-0.6387,-0.672,-0.674,-0.632,-0.9014,-0.714,-0.7886,-0.582,-0.802,-0.708,-0.577,-0.54,-0.8945,-0.719,-0.6543,-0.62,-0.672,-0.6147,-0.803,-0.7847,-0.609,-0.58,-0.9365,-0.6416,-0.6787,-0.705,-0.6187,-0.8564,-0.593,-0.4888,-0.8433,-0.694,-0.6836,-0.6553,-0.6714,-0.6226,-0.884,-0.7896,-0.678,-0.784,-0.823,-0.8086,-0.7725,-0.8115,-0.6616,-0.74,-0.74,-0.6665,-0.623,-0.6377,-0.886,-0.7944,-0.5283,-0.869,-0.674,-0.673,-0.8574,-0.72,-0.596,-0.773,-0.5537,-0.9233,-0.589,-0.6113,-0.6367,-0.7964,-0.657,-0.8745,-0.95,-0.967,-0.729,-0.717,-0.7573,-0.6733,-0.656,-0.611,-0.8843,-0.6626,-0.651,-0.9253,-0.691,-0.606,-0.6284,-0.7153,-0.5737,-0.724,-0.6245,-0.6177,-0.6147,-0.5947,-0.589
1881,-0.5537,-0.61,-0.534,-0.568,-0.6025,-0.501,-0.768,-0.7534,-0.6787,-0.543,-0.4744,-0.5024,-0.5938,-0.7397,-0.5093,-0.605,-0.476,-0.7275,-0.6543,-0.4507,-0.4583,-0.7466,-0.678,-0.5728,-0.4805,-0.6475,-0.5054,-0.6763,-0.64,-0.581,-0.444,-0.8174,-0.4624,-0.53,-0.666,-0.503,-0.727,-0.592,-0.3604,-0.7,-0.569,-0.623,-0.638,-0.6255,-0.5386,-0.731,-0.6724,-0.357,-0.6465,-0.6685,-0.607,-0.657,-0.7188,-0.58,-0.5977,-0.637,-0.6235,-0.516,-0.4631,-0.7607,-0.612,-0.5273,-0.788,-0.5713,-0.492,-0.7373,-0.6323,-0.4917,-0.725,-0.4553,-0.831,-0.4834,-0.521,-0.4966,-0.5845,-0.546,-0.735,-0.831,-0.783,-0.597,-0.6636,-0.4683,-0.542,-0.515,-0.502,-0.7505,-0.5547,-0.5396,-0.804,-0.5356,-0.55,-0.571,-0.5366,-0.475,-0.627,-0.4805,-0.5396,-0.4426,-0.536,-0.4478
1882,-0.5728,-0.7046,-0.543,-0.6704,-0.6074,-0.56,-0.764,-0.76,-0.7217,-0.577,-0.5605,-0.571,-0.6133,-0.7915,-0.6006,-0.7188,-0.5522,-0.716,-0.7393,-0.4893,-0.5493,-0.806,-0.7197,-0.5933,-0.592,-0.659,-0.5547,-0.668,-0.683,-0.593,-0.642,-0.761,-0.6333,-0.6084,-0.723,-0.548,-0.7744,-0.6787,-0.4802,-0.7334,-0.705,-0.603,-0.683,-0.6055,-0.568,-0.81,-0.721,-0.6143,-0.7217,-0.7544,-0.6523,-0.722,-0.7837,-0.6006,-0.678,-0.648,-0.721,-0.5806,-0.658,-0.735,-0.817,-0.6216,-0.779,-0.611,-0.7056,-0.7324,-0.744,-0.71,-0.7603,-0.537,-0.836,-0.6167,-0.5493,-0.535,-0.739,-0.5454,-0.788,-0.822,-0.8486,-0.579,-0.7627,-0.5703,-0.555,-0.558,-0.5728,-0.82,-0.6104,-0.6455,-0.871,-0.581,-0.595,-0.646,-0.6553,-0.55,-0.632,-0.5654,-0.5273,-0.583,-0.7104,-0.5884
1883,-0.6562,-0.7847,-0.6187,-0.685,-0.6772,-0.6245,-0.8535,-0.8916,-0.697,-0.609,-0.5845,-0.564,-0.6987,-0.881,-0.6143,-0.7583,-0.575,-0.7773,-0.719,-0.587,-0.5923,-0.8306,-0.772,-0.635,-0.587,-0.6133,-0.5146,-0.7793,-0.6587,-0.6445,-0.66,-0.896,-0.618,-0.6284,-0.742,-0.5947,-0.8394,-0.6274,-0.5537,-0.7715,-0.7217,-0.7036,-0.743,-0.7114,-0.5933,-0.831,-0.784,-0.508,-0.744,-0.7964,-0.6484,-0.747,-0.818,-0.642,-0.6436,-0.73,-0.7583,-0.6147,-0.625,-0.8438,-0.6826,-0.5786,-0.8975,-0.569,-0.6978,-0.8374,-0.7173,-0.6,-0.824,-0.5435,-0.918,-0.5957,-0.6216,-0.56,-0.7427,-0.613,-0.817,-0.9253,-0.8247,-0.6323,-0.76,-0.647,-0.623,-0.601,-0.5425,-0.9224,-0.6406,-0.6313,-0.9473,-0.58,-0.602,-0.62,-0.7295,-0.5835,-0.753,-0.612,-0.596,-0.5835,-0.6777,-0.557
1884,-0.77,-0.9365,-0.7363,-0.9185,-0.751,-0.6597,-0.9526,-0.935,-0.8027,-0.6763,-0.6294,-0.6772,-0.8154,-0.9854,-0.7666,-0.8804,-0.637,-0.936,-0.9634,-0.6353,-0.681,-0.888,-0.897,-0.734,-0.6533,-0.7095,-0.6313,-0.955,-0.8184,-0.7275,-0.703,-0.9614,-0.6797,-0.709,-0.9395,-0.623,-0.8877,-0.881,-0.627,-0.8765,-0.7085,-0.782,-0.815,-0.8237,-0.7183,-0.9795,-0.959,-0.647,-0.864,-0.988,-0.775,-0.975,-0.912,-0.741,-0.782,-0.911,-0.82,-0.7495,-0.685,-0.9424,-0.796,-0.688,-0.943,-0.679,-0.7373,-0.937,-0.815,-0.6846,-0.989,-0.6123,-1.105,-0.699,-0.67,-0.628,-0.783,-0.722,-0.9585,-1.016,-0.9917,-0.8306,-0.923,-0.708,-0.692,-0.643,-0.684,-0.988,-0.693,-0.726,-1.054,-0.7207,-0.7065,-0.7095,-0.878,-0.6147,-0.868,-0.663,-0.703,-0.6304,-0.754,-0.651
1885,-0.7563,-0.9326,-0.733,-0.88,-0.746,-0.6235,-0.967,-0.9854,-0.8516,-0.5938,-0.595,-0.722,-0.797,-0.993,-0.7744,-0.8804,-0.563,-0.964,-0.892,-0.507,-0.6753,-0.953,-0.865,-0.644,-0.5825,-0.706,-0.676,-0.923,-0.8433,-0.7163,-0.7524,-0.99,-0.719,-0.601,-0.88,-0.642,-0.8594,-0.803,-0.6406,-0.8804,-0.7363,-0.807,-0.8115,-0.82,-0.735,-0.9004,-0.9365,-0.766,-0.8037,-0.8804,-0.7856,-0.88,-0.987,-0.6514,-0.78,-0.823,-0.7646,-0.7397,-0.707,-0.984,-0.841,-0.7227,-0.906,-0.708,-0.7188,-0.884,-0.7812,-0.6655,-0.9985,-0.6294,-1.041,-0.701,-0.586,-0.547,-0.789,-0.6304,-0.8296,-0.975,-0.857,-0.8364,-0.842,-0.719,-0.6357,-0.6284,-0.6777,-0.978,-0.633,-0.7085,-1.118,-0.7734,-0.6733,-0.8364,-0.8633,-0.579,-0.9165,-0.627,-0.733,-0.564,-0.6777,-0.6055
1886,-0.7446,-0.8813,-0.7017,-0.901,-0.717,-0.6006,-0.8833,-0.9287,-0.8857,-0.6323,-0.6304,-0.7866,-0.782,-0.992,-0.701,-0.9277,-0.544,-0.891,-0.918,-0.576,-0.664,-0.9434,-0.764,-0.664,-0.5986,-0.6353,-0.7344,-0.874,-0.8843,-0.6855,-0.7134,-0.973,-0.579,-0.642,-0.9644,-0.622,-0.8306,-0.7554,-0.503,-0.7866,-0.7344,-0.746,-0.8223,-0.7437,-0.7847,-0.9053,-0.89,-0.616,-0.803,-0.9604,-0.8467,-0.945,-0.8784,-0.6714,-0.8306,-0.861,-0.607,-0.701,-0.717,-0.9443,-0.824,-0.6313,-0.858,-0.775,-0.561,-0.83,-0.8076,-0.6353,-0.9463,-0.6255,-0.9976,-0.704,-0.601,-0.5884,-0.706,-0.611,-0.8145,-0.941,-0.8516,-0.663,-0.939,-0.7183,-0.5923,-0.634,-0.752,-0.9272,-0.613,-0.644,-1.083,-0.8647,-0.671,-0.692,-0.8896,-0.5654,-0.85,-0.5825,-0.667,-0.5825,-0.634,-0.5786
1887,-0.8022,-0.9575,-0.754,-0.9263,-0.7617,-0.6763,-0.9404,-1.002,-0.9165,-0.6772,-0.6885,-0.8276,-0.8438,-1.036,-0.8174,-0.95,-0.66,-0.9434,-0.9443,-0.5947,-0.7114,-1.017,-0.9478,-0.7417,-0.6523,-0.849,-0.774,-0.9863,-0.911,-0.7495,-0.8135,-1.036,-0.741,-0.719,-0.993,-0.6523,-0.9033,-0.8154,-0.6826,-0.9194,-0.9053,-0.7876,-0.8022,-0.7935,-0.9126,-0.996,-0.9644,-0.861,-0.88,-1.015,-0.9033,-0.96,-0.9697,-0.749,-0.9297,-0.938,-0.927,-0.7817,-0.819,-0.9927,-0.951,-0.789,-0.952,-0.8228,-0.839,-0.8643,-0.866,-0.7017,-1.006,-0.668,-1.062,-0.815,-0.6704,-0.6616,-0.9033,-0.708,-0.961,-1.009,-0.979,-0.969,-0.925,-0.8643,-0.7056,-0.6787,-0.8276,-0.9946,-0.722,-0.8047,-1.159,-0.925,-0.714,-0.834,-0.928,-0.645,-0.908,-0.6694,-0.7095,-0.6646,-0.7417,-0.644
1888,-0.684,-0.7344,-0.6396,-0.755,-0.6113,-0.5645,-0.779,-0.88,-0.7246,-0.5605,-0.576,-0.6562,-0.7217,-0.9595,-0.7695,-0.7534,-0.5127,-0.7964,-0.7593,-0.509,-0.4802,-0.9033,-0.762,-0.594,-0.5283,-0.7266,-0.6216,-0.8003,-0.72,-0.606,-0.7397,-0.948,-0.617,-0.589,-0.749,-0.5776,-0.825,-0.73,-0.6294,-0.8413,-0.82,-0.668,-0.732,-0.6475,-0.7104,-0.841,-0.861,-0.743,-0.77,-0.7944,-0.6865,-0.7646,-0.833,-0.6016,-0.7373,-0.7427,-0.834,-0.5215,-0.749,-0.872,-0.795,-0.78,-0.7993,-0.681,-0.86,-0.8027,-0.623,-0.8003,-0.9136,-0.4897,-0.9595,-0.791,-0.558,-0.5425,-0.8325,-0.5464,-0.7583,-0.965,-0.7856,-0.8555,-0.7163,-0.816,-0.599,-0.5557,-0.6465,-0.891,-0.572,-0.8076,-1.046,-0.764,-0.5137,-0.877,-0.6694,-0.5225,-0.812,-0.537,-0.574,-0.52,-0.774,-0.51
1889,-0.5444,-0.6504,-0.4802,-0.6504,-0.514,-0.4663,-0.6646,-0.687,-0.582,-0.513,-0.489,-0.5566,-0.5854,-0.768,-0.7324,-0.582,-0.437,-0.663,-0.615,-0.4585,-0.392,-0.7573,-0.625,-0.5234,-0.4688,-0.609,-0.5356,-0.638,-0.5894,-0.5244,-0.658,-0.755,-0.4697,-0.5107,-0.6724,-0.4941,-0.59,-0.566,-0.4436,-0.667,-0.6055,-0.5527,-0.611,-0.554,-0.5605,-0.692,-0.6562,-0.6904,-0.588,-0.654,-0.5703,-0.618,-0.6504,-0.5303,-0.5796,-0.629,-0.8115,-0.472,-0.6123,-0.6514,-0.637,-0.5894,-0.6025,-0.5864,-0.5996,-0.584,-0.593,-0.5996,-0.7505,-0.4338,-0.7725,-0.668,-0.4568,-0.4973,-0.714,-0.5303,-0.64,-0.738,-0.645,-0.739,-0.6494,-0.709,-0.506,-0.518,-0.5225,-0.706,-0.503,-0.6587,-0.8726,-0.621,-0.4668,-0.607,-0.6177,-0.49,-0.6284,-0.499,-0.534,-0.491,-0.6626,-0.4348
1890,-0.778,-0.887,-0.728,-0.907,-0.709,-0.79,-0.8345,-0.9824,-0.7866,-0.7974,-0.8237,-0.783,-0.8286,-1.047,-0.913,-0.9316,-0.7593,-0.917,-0.9146,-0.74,-0.6914,-0.9683,-0.937,-0.832,-0.746,-1.014,-0.7217,-0.956,-0.8066,-0.7236,-0.9263,-0.999,-0.7783,-0.812,-0.9644,-0.7803,-0.91,-0.8374,-0.774,-0.8857,-1.048,-0.7363,-0.844,-0.7266,-0.8525,-0.9595,-0.962,-0.8994,-0.8237,-0.939,-0.804,-0.9023,-1.008,-0.8394,-0.775,-0.867,-0.9736,-0.77,-0.8804,-0.893,-1.03,-0.8413,-0.9355,-0.7344,-0.9824,-0.9214,-0.854,-0.8647,-1.01,-0.675,-0.9976,-0.8994,-0.7993,-0.7817,-1.013,-0.8096,-0.8794,-1.061,-0.9336,-0.975,-0.937,-0.87,-0.8306,-0.8213,-0.7246,-0.98,-0.8306,-0.9766,-1.082,-0.84,-0.7505,-0.942,-0.86,-0.747,-0.846,-0.7656,-0.75,-0.7915,-0.944,-0.773
1891,-0.683,-0.8027,-0.626,-0.825,-0.6787,-0.667,-0.6807,-0.8174,-0.7524,-0.68,-0.6865,-0.7515,-0.7383,-0.8833,-0.792,-0.755,-0.638,-0.794,-0.7803,-0.613,-0.6157,-0.841,-0.8633,-0.682,-0.6377,-0.7344,-0.7046,-0.811,-0.789,-0.6533,-0.73,-0.8433,-0.652,-0.7134,-0.8203,-0.6606,-0.7173,-0.7046,-0.683,-0.729,-0.7847,-0.652,-0.819,-0.672,-0.7515,-0.8516,-0.784,-0.6816,-0.6997,-0.8584,-0.7495,-0.8203,-0.8193,-0.6895,-0.775,-0.7397,-0.968,-0.639,-0.681,-0.7427,-0.8125,-0.6772,-0.7505,-0.7373,-0.8213,-0.7207,-0.7305,-0.7666,-0.8965,-0.569,-0.846,-0.747,-0.6465,-0.6543,-0.762,-0.704,-0.793,-0.8184,-0.85,-0.912,-0.812,-0.8477,-0.686,-0.6987,-0.6753,-0.818,-0.7173,-0.7495,-0.9424,-0.7944,-0.6353,-0.8887,-0.7583,-0.659,-0.734,-0.665,-0.652,-0.696,-0.7593,-0.6177
1892,-0.817,-0.8354,-0.751,-0.847,-0.7505,-0.7534,-0.759,-0.927,-0.8394,-0.77,-0.7393,-0.8076,-0.8706,-0.9526,-0.8286,-0.852,-0.71,-0.8345,-0.8613,-0.7046,-0.6533,-0.9487,-0.9526,-0.7905,-0.738,-0.878,-0.728,-0.907,-0.858,-0.7227,-0.8403,-0.9595,-0.686,-0.797,-0.91,-0.7783,-0.8604,-0.843,-0.6675,-0.8345,-0.8745,-0.7427,-0.864,-0.7705,-0.8184,-0.9326,-0.949,-0.8125,-0.806,-0.9116,-0.8076,-0.8086,-0.918,-0.798,-0.865,-0.816,-0.8433,-0.69,-0.825,-0.8843,-0.9854,-0.7974,-0.9062,-0.823,-0.782,-0.85,-0.7646,-0.7607,-0.9814,-0.6206,-0.886,-0.762,-0.7495,-0.7163,-0.823,-0.76,-0.8784,-0.9194,-0.9053,-0.95,-0.879,-0.8555,-0.8,-0.7446,-0.819,-0.9106,-0.799,-0.794,-1.004,-0.84,-0.6885,-0.8926,-0.805,-0.726,-0.806,-0.7344,-0.673,-0.7603,-0.8296,-0.7026
1893,-0.845,-0.8027,-0.7744,-0.855,-0.78,-0.8013,-0.867,-0.878,-0.8286,-0.81,-0.798,-0.733,-0.896,-0.9375,-0.8047,-0.8145,-0.7524,-0.886,-0.8677,-0.699,-0.756,-0.915,-0.9995,-0.8105,-0.754,-0.88,-0.614,-0.8706,-0.792,-0.7935,-1.013,-0.9307,-0.785,-0.8228,-0.8594,-0.769,-0.8135,-0.8853,-0.723,-0.8223,-0.95,-0.83,-0.907,-0.823,-0.8228,-0.9688,-0.9077,-0.791,-0.808,-0.8804,-0.791,-0.861,-0.9473,-0.818,-0.803,-0.801,-0.964,-0.774,-0.894,-0.8516,-1.01,-0.888,-0.868,-0.7607,-0.9683,-0.8306,-0.8086,-0.7197,-1.038,-0.655,-0.948,-0.917,-0.778,-0.7554,-0.8286,-0.832,-0.885,-0.9023,-0.908,-0.9727,-0.8467,-0.8936,-0.821,-0.7603,-0.7305,-0.9062,-0.851,-0.9775,-0.986,-0.753,-0.7217,-0.9478,-0.762,-0.7715,-0.7905,-0.756,-0.7407,-0.8325,-0.9395,-0.7095
1894,-0.7725,-0.8516,-0.706,-0.8135,-0.6787,-0.767,-0.769,-0.9253,-0.8037,-0.797,-0.779,-0.8037,-0.8247,-0.9497,-0.748,-0.791,-0.7217,-0.878,-0.8105,-0.7124,-0.7705,-0.84,-0.9204,-0.8057,-0.7275,-0.8223,-0.6636,-0.827,-0.8066,-0.6885,-0.7915,-0.9336,-0.7275,-0.7935,-0.875,-0.749,-0.8296,-0.7847,-0.665,-0.698,-0.7573,-0.708,-0.7437,-0.717,-0.823,-0.8564,-0.9414,-0.6724,-0.691,-0.8594,-0.796,-0.8394,-0.937,-0.8125,-0.7905,-0.772,-0.834,-0.7476,-0.761,-0.8115,-0.9727,-0.706,-0.863,-0.754,-0.87,-0.8477,-0.7993,-0.712,-1.009,-0.6777,-0.9497,-0.923,-0.779,-0.7466,-0.7227,-0.8145,-0.8,-0.909,-0.8364,-0.9585,-0.822,-0.812,-0.7773,-0.7856,-0.7266,-0.9155,-0.8047,-0.9106,-0.9966,-0.78,-0.715,-0.817,-0.805,-0.746,-0.79,-0.7783,-0.676,-0.7856,-0.7656,-0.724
1895,-0.7646,-0.765,-0.7017,-0.746,-0.627,-0.68,-0.75,-0.8296,-0.754,-0.7334,-0.7104,-0.6655,-0.816,-0.877,-0.9175,-0.76,-0.688,-0.802,-0.7617,-0.6514,-0.638,-0.757,-0.854,-0.7236,-0.64,-0.865,-0.6343,-0.7363,-0.7466,-0.647,-0.7793,-0.85,-0.7104,-0.7734,-0.823,-0.7104,-0.805,-0.7725,-0.6406,-0.787,-0.902,-0.6636,-0.891,-0.6934,-0.7236,-0.742,-0.914,-0.7744,-0.6953,-0.871,-0.7334,-0.8184,-0.787,-0.731,-0.7236,-0.734,-0.8706,-0.6387,-0.7603,-0.815,-1.041,-0.7417,-0.7827,-0.731,-0.7793,-0.717,-0.6885,-0.7847,-0.929,-0.574,-0.8374,-0.809,-0.6953,-0.678,-0.895,-0.739,-0.799,-0.85,-0.713,-0.9785,-0.8354,-0.9497,-0.6943,-0.7056,-0.6587,-0.8643,-0.73,-0.814,-0.962,-0.685,-0.5967,-0.965,-0.731,-0.672,-0.6733,-0.698,-0.6436,-0.704,-0.7437,-0.6714
1896,-0.562,-0.655,-0.501,-0.65,-0.5674,-0.5317,-0.5684,-0.6836,-0.711,-0.5537,-0.554,-0.6143,-0.6133,-0.742,-0.7173,-0.6465,-0.521,-0.7456,-0.631,-0.5063,-0.5225,-0.706,-0.725,-0.5874,-0.5127,-0.6963,-0.5654,-0.7,-0.687,-0.5366,-0.789,-0.7275,-0.595,-0.5596,-0.742,-0.5703,-0.663,-0.543,-0.5513,-0.656,-0.78,-0.532,-0.659,-0.5747,-0.6504,-0.6426,-0.7456,-0.684,-0.5967,-0.6904,-0.659,-0.68,-0.682,-0.5947,-0.669,-0.619,-0.7476,-0.5444,-0.7793,-0.676,-0.948,-0.5405,-0.667,-0.639,-0.6626,-0.6562,-0.608,-0.6973,-0.822,-0.461,-0.7593,-0.712,-0.5537,-0.5117,-0.7134,-0.574,-0.6533,-0.742,-0.6143,-0.799,-0.675,-0.687,-0.572,-0.571,-0.6133,-0.734,-0.5884,-0.659,-0.81,-0.655,-0.512,-0.72,-0.63,-0.544,-0.5664,-0.5283,-0.5312,-0.5776,-0.591,-0.521
1897,-0.586,-0.651,-0.5054,-0.629,-0.5615,-0.522,-0.557,-0.7046,-0.6284,-0.527,-0.5312,-0.549,-0.6323,-0.7485,-0.705,-0.6616,-0.4883,-0.7026,-0.6416,-0.446,-0.5195,-0.7104,-0.6484,-0.5454,-0.4927,-0.8125,-0.5283,-0.7534,-0.637,-0.573,-0.6772,-0.721,-0.6714,-0.5674,-0.7144,-0.5195,-0.6436,-0.5576,-0.696,-0.6943,-0.751,-0.54,-0.627,-0.624,-0.539,-0.6978,-0.762,-0.5405,-0.5864,-0.7363,-0.6045,-0.6772,-0.727,-0.5527,-0.608,-0.591,-0.801,-0.5376,-0.6543,-0.667,-0.907,-0.645,-0.6543,-0.5815,-0.755,-0.6377,-0.5933,-0.5703,-0.8013,-0.4648,-0.75,-0.6533,-0.5483,-0.5044,-0.7793,-0.5693,-0.6797,-0.721,-0.617,-0.9014,-0.7334,-0.726,-0.584,-0.5054,-0.5215,-0.755,-0.5356,-0.6836,-0.8813,-0.5723,-0.511,-0.8286,-0.6045,-0.4885,-0.6094,-0.5054,-0.536,-0.5283,-0.7207,-0.468
1898,-0.7876,-0.868,-0.694,-0.834,-0.7075,-0.6953,-0.7085,-0.91,-0.744,-0.683,-0.699,-0.7236,-0.8374,-0.959,-0.8096,-0.8354,-0.6597,-0.874,-0.9062,-0.612,-0.6567,-0.8965,-0.867,-0.7217,-0.671,-0.834,-0.662,-0.9004,-0.775,-0.7114,-0.8022,-0.9097,-0.78,-0.6987,-0.905,-0.6655,-0.863,-0.8784,-0.677,-0.9194,-0.8564,-0.6665,-0.784,-0.738,-0.706,-0.8647,-0.98,-0.742,-0.8174,-0.891,-0.747,-0.8936,-0.921,-0.729,-0.723,-0.837,-0.959,-0.686,-0.8755,-0.9087,-0.9717,-0.858,-0.882,-0.746,-0.9756,-0.835,-0.743,-0.767,-1.028,-0.5728,-0.893,-0.7695,-0.665,-0.6655,-0.8496,-0.7305,-0.8555,-0.934,-0.7993,-0.961,-0.8936,-0.835,-0.7104,-0.675,-0.7183,-0.925,-0.695,-0.775,-1.014,-0.724,-0.654,-0.924,-0.889,-0.635,-0.7466,-0.677,-0.651,-0.7056,-0.8174,-0.6426
1899,-0.6753,-0.7383,-0.583,-0.659,-0.635,-0.554,-0.6606,-0.801,-0.649,-0.5645,-0.5728,-0.588,-0.726,-0.7637,-0.749,-0.671,-0.509,-0.6826,-0.6865,-0.4736,-0.5615,-0.7153,-0.8125,-0.5825,-0.5293,-0.805,-0.559,-0.7534,-0.6836,-0.6367,-0.693,-0.7783,-0.7095,-0.565,-0.753,-0.559,-0.728,-0.676,-0.5986,-0.6943,-0.8223,-0.6167,-0.7227,-0.6724,-0.6133,-0.723,-0.8174,-0.7197,-0.6646,-0.7163,-0.6606,-0.747,-0.6772,-0.59,-0.6387,-0.618,-0.8604,-0.6055,-0.7495,-0.74,-0.874,-0.7285,-0.726,-0.6436,-0.8184,-0.6836,-0.633,-0.7554,-0.855,-0.5024,-0.7285,-0.788,-0.549,-0.549,-0.745,-0.575,-0.6924,-0.811,-0.6294,-0.9336,-0.7285,-0.744,-0.5933,-0.543,-0.6665,-0.698,-0.594,-0.7246,-0.8633,-0.627,-0.5527,-0.852,-0.688,-0.5054,-0.5635,-0.5693,-0.6045,-0.546,-0.739,-0.514
1900,-0.5815,-0.5767,-0.4905,-0.6494,-0.5723,-0.482,-0.569,-0.576,-0.583,-0.4546,-0.468,-0.5625,-0.635,-0.629,-0.6284,-0.575,-0.4355,-0.615,-0.602,-0.389,-0.4773,-0.6284,-0.641,-0.5264,-0.429,-0.5776,-0.5063,-0.597,-0.5864,-0.5703,-0.6543,-0.5654,-0.4456,-0.474,-0.64,-0.4805,-0.4895,-0.587,-0.4983,-0.571,-0.584,-0.5015,-0.6377,-0.601,-0.5293,-0.5728,-0.688,-0.51,-0.4373,-0.6064,-0.5864,-0.5933,-0.5854,-0.5337,-0.5664,-0.5513,-0.6455,-0.5024,-0.656,-0.538,-0.7173,-0.514,-0.546,-0.5825,-0.713,-0.496,-0.58,-0.6167,-0.7163,-0.4304,-0.554,-0.6675,-0.4841,-0.419,-0.517,-0.479,-0.5107,-0.564,-0.507,-0.731,-0.5522,-0.4985,-0.4746,-0.4678,-0.5933,-0.5854,-0.485,-0.5767,-0.715,-0.5703,-0.509,-0.653,-0.5586,-0.4182,-0.451,-0.448,-0.524,-0.4565,-0.5747,-0.4285
1901,-0.65,-0.65,-0.5493,-0.6255,-0.6167,-0.545,-0.606,-0.6396,-0.5693,-0.512,-0.516,-0.5835,-0.699,-0.664,-0.616,-0.6523,-0.4827,-0.6846,-0.6733,-0.4373,-0.501,-0.664,-0.713,-0.546,-0.4866,-0.66,-0.565,-0.6504,-0.633,-0.634,-0.7344,-0.642,-0.52,-0.563,-0.7275,-0.5347,-0.6035,-0.6406,-0.6377,-0.606,-0.67,-0.555,-0.595,-0.6387,-0.5425,-0.612,-0.7837,-0.5977,-0.5093,-0.727,-0.616,-0.6646,-0.6055,-0.553,-0.5767,-0.5825,-0.7114,-0.566,-0.568,-0.6494,-0.6904,-0.6104,-0.6245,-0.62,-0.6885,-0.5938,-0.6123,-0.491,-0.8164,-0.482,-0.701,-0.709,-0.5273,-0.5083,-0.7236,-0.532,-0.5835,-0.6445,-0.556,-0.791,-0.6865,-0.5635,-0.521,-0.538,-0.5938,-0.605,-0.549,-0.6577,-0.762,-0.587,-0.557,-0.6743,-0.5996,-0.494,-0.4846,-0.506,-0.589,-0.4998,-0.6553,-0.4941
1902,-0.8096,-0.763,-0.728,-0.853,-0.6924,-0.6455,-0.7266,-0.7905,-0.744,-0.6343,-0.6304,-0.69,-0.8574,-0.7783,-0.7827,-0.783,-0.595,-0.7905,-0.818,-0.5615,-0.6294,-0.7837,-0.8438,-0.6597,-0.6333,-0.8906,-0.692,-0.898,-0.795,-0.711,-0.7495,-0.736,-0.7275,-0.6465,-0.9062,-0.6323,-0.72,-0.7593,-0.7285,-0.66,-0.785,-0.653,-0.7637,-0.7344,-0.714,-0.6997,-0.941,-0.6777,-0.6216,-0.8525,-0.777,-0.7764,-0.718,-0.667,-0.7383,-0.751,-0.956,-0.6865,-0.835,-0.7437,-0.944,-0.7876,-0.7383,-0.737,-0.845,-0.6587,-0.694,-0.7217,-0.998,-0.563,-0.808,-0.857,-0.608,-0.6245,-0.9023,-0.6323,-0.7144,-0.7573,-0.6323,-0.884,-0.7993,-0.7554,-0.679,-0.6514,-0.7744,-0.719,-0.649,-0.7915,-0.856,-0.7485,-0.6514,-0.879,-0.7803,-0.59,-0.5757,-0.585,-0.682,-0.6333,-0.829,-0.593
1903,-0.899,-0.8857,-0.8013,-0.929,-0.745,-0.7,-0.793,-0.7925,-0.7905,-0.7065,-0.6997,-0.723,-0.9443,-0.7925,-0.9004,-0.886,-0.6807,-0.8315,-0.9175,-0.657,-0.7666,-0.8247,-0.958,-0.773,-0.6997,-1.002,-0.738,-1.004,-0.814,-0.742,-0.938,-0.784,-0.8867,-0.7534,-1.005,-0.7715,-0.754,-0.857,-0.9,-0.738,-1.032,-0.7627,-0.8975,-0.8687,-0.761,-0.792,-0.9927,-0.8813,-0.701,-0.9707,-0.804,-0.9463,-0.7075,-0.78,-0.8022,-0.828,-1.044,-0.8022,-0.9507,-0.7754,-1.051,-0.9507,-0.7764,-0.789,-0.9814,-0.7036,-0.8105,-0.927,-1.076,-0.7295,-0.864,-0.9434,-0.738,-0.7373,-1.039,-0.7686,-0.763,-0.7964,-0.718,-1.078,-0.981,-0.9297,-0.778,-0.7305,-0.7705,-0.7173,-0.7563,-0.98,-0.829,-0.7856,-0.8076,-0.9805,-0.887,-0.699,-0.574,-0.698,-0.7793,-0.7236,-0.9233,-0.708
1904,-0.9575,-0.857,-0.8477,-0.955,-0.862,-0.8354,-0.9175,-0.8267,-0.873,-0.801,-0.805,-0.809,-1.001,-0.838,-1.085,-0.9604,-0.7896,-0.8423,-0.9985,-0.76,-0.8564,-0.873,-0.9795,-0.8335,-0.7666,-1.117,-0.808,-1.049,-0.897,-0.8594,-1.055,-0.772,-0.961,-0.8496,-1.085,-0.8135,-0.7754,-0.956,-0.858,-0.7466,-1.032,-0.8677,-0.981,-0.9287,-0.8584,-0.7837,-1.069,-0.925,-0.7114,-1.053,-0.894,-0.992,-0.784,-0.841,-0.8555,-0.873,-1.145,-0.9087,-0.9414,-0.7876,-1.109,-0.9746,-0.811,-0.8276,-1.102,-0.722,-0.896,-1.0205,-1.117,-0.76,-0.858,-1.047,-0.793,-0.799,-1.127,-0.812,-0.807,-0.8374,-0.719,-1.118,-1.019,-0.951,-0.8535,-0.8174,-0.8745,-0.7705,-0.821,-0.9976,-0.8774,-0.854,-0.847,-1.04,-0.9727,-0.7583,-0.6523,-0.7334,-0.9014,-0.8003,-1.041,-0.7827
1905,-0.785,-0.781,-0.68,-0.7754,-0.6978,-0.6963,-0.77,-0.607,-0.698,-0.6777,-0.6436,-0.6685,-0.83,-0.6626,-0.9473,-0.8257,-0.6333,-0.6055,-0.8477,-0.5947,-0.6865,-0.634,-0.7495,-0.7026,-0.634,-0.977,-0.6816,-0.8853,-0.7354,-0.7085,-1.0,-0.695,-0.802,-0.7036,-0.8833,-0.7056,-0.6113,-0.8115,-0.7607,-0.5366,-0.983,-0.676,-0.7485,-0.7383,-0.6733,-0.642,-0.856,-0.845,-0.5864,-0.841,-0.712,-0.7476,-0.6265,-0.71,-0.7007,-0.7324,-1.02,-0.7026,-0.8438,-0.6626,-1.036,-1.012,-0.644,-0.701,-0.954,-0.5996,-0.73,-0.815,-0.94,-0.6245,-0.721,-0.982,-0.672,-0.652,-0.9395,-0.6807,-0.614,-0.6387,-0.566,-0.974,-0.7686,-0.8467,-0.735,-0.6895,-0.7134,-0.674,-0.674,-0.8496,-0.7886,-0.7363,-0.6836,-1.049,-0.772,-0.627,-0.5547,-0.6606,-0.6943,-0.6587,-0.953,-0.638
1906,-0.69,-0.7,-0.584,-0.668,-0.6816,-0.593,-0.721,-0.6304,-0.615,-0.5967,-0.572,-0.5967,-0.737,-0.68,-0.834,-0.716,-0.5557,-0.597,-0.7144,-0.541,-0.5923,-0.64,-0.7065,-0.6255,-0.5625,-0.7925,-0.6035,-0.7783,-0.664,-0.679,-0.8433,-0.6816,-0.755,-0.589,-0.8047,-0.588,-0.619,-0.6523,-0.631,-0.5205,-0.9014,-0.6343,-0.68,-0.716,-0.5957,-0.6206,-0.8237,-0.7603,-0.5645,-0.7056,-0.6807,-0.6865,-0.6606,-0.633,-0.6763,-0.63,-0.9243,-0.633,-0.7383,-0.6753,-0.9653,-0.843,-0.658,-0.647,-0.744,-0.618,-0.677,-0.8345,-0.8433,-0.5127,-0.6704,-0.781,-0.607,-0.5884,-0.8174,-0.598,-0.6123,-0.6587,-0.589,-0.8325,-0.7036,-0.754,-0.6353,-0.5894,-0.704,-0.674,-0.6064,-0.8296,-0.779,-0.7134,-0.596,-0.8384,-0.6606,-0.55,-0.5103,-0.578,-0.6387,-0.5825,-0.838,-0.5664
1907,-0.8613,-0.8267,-0.7603,-0.8647,-0.806,-0.715,-0.887,-0.787,-0.807,-0.712,-0.7437,-0.788,-0.915,-0.842,-1.055,-0.897,-0.6924,-0.816,-0.8774,-0.667,-0.7954,-0.8623,-0.9536,-0.777,-0.6963,-0.969,-0.7856,-0.914,-0.86,-0.8203,-1.044,-0.8413,-0.927,-0.7617,-0.9595,-0.754,-0.7646,-0.827,-0.8325,-0.7397,-1.057,-0.778,-0.7656,-0.844,-0.81,-0.795,-0.9775,-0.87,-0.7534,-0.9263,-0.8696,-0.9204,-0.7856,-0.784,-0.857,-0.821,-1.096,-0.7954,-0.984,-0.8164,-1.138,-0.918,-0.817,-0.84,-1.013,-0.7637,-0.846,-0.9463,-1.077,-0.7036,-0.9233,-1.046,-0.7363,-0.72,-1.126,-0.7446,-0.766,-0.827,-0.712,-1.0205,-0.8965,-0.978,-0.761,-0.7437,-0.865,-0.8394,-0.779,-0.968,-0.933,-0.882,-0.7754,-0.9434,-0.848,-0.723,-0.6797,-0.6978,-0.766,-0.741,-1.009,-0.729
1908,-0.8784,-0.884,-0.8086,-0.902,-0.845,-0.7773,-0.95,-0.781,-0.8506,-0.7554,-0.7495,-0.7964,-0.934,-0.8237,-1.017,-0.9004,-0.728,-0.769,-0.9116,-0.685,-0.8423,-0.833,-0.8877,-0.788,-0.7407,-1.003,-0.807,-0.948,-0.876,-0.846,-1.001,-0.8286,-0.9014,-0.779,-0.9917,-0.772,-0.7456,-0.8574,-0.851,-0.718,-0.992,-0.8545,-0.9004,-0.8843,-0.8276,-0.8086,-0.946,-0.846,-0.7544,-0.9297,-0.868,-0.8857,-0.7715,-0.7954,-0.831,-0.82,-0.9766,-0.866,-0.899,-0.812,-1.051,-0.967,-0.794,-0.827,-1.022,-0.757,-0.9062,-0.8853,-1.021,-0.7607,-0.868,-1.003,-0.762,-0.773,-0.994,-0.7476,-0.7837,-0.809,-0.7476,-1.005,-0.9487,-0.9795,-0.796,-0.7637,-0.853,-0.8193,-0.772,-0.9937,-0.904,-0.904,-0.8555,-0.9473,-0.865,-0.725,-0.674,-0.743,-0.8413,-0.7495,-0.9536,-0.728
1909,-0.8677,-0.9697,-0.817,-0.9844,-0.878,-0.7476,-0.9814,-0.825,-0.885,-0.724,-0.7305,-0.8457,-0.9326,-0.904,-0.964,-0.9854,-0.7163,-0.8003,-0.9614,-0.703,-0.865,-0.837,-0.8916,-0.7607,-0.7085,-0.8853,-0.8438,-0.9644,-0.913,-0.877,-1.061,-0.912,-0.8706,-0.7573,-0.9673,-0.7495,-0.813,-0.8604,-0.774,-0.7104,-0.975,-0.8896,-0.887,-0.9087,-0.867,-0.841,-0.995,-0.939,-0.7524,-0.9966,-0.886,-0.99,-0.854,-0.7676,-0.848,-0.8735,-1.121,-0.883,-0.994,-0.8843,-1.114,-0.9414,-0.8647,-0.862,-0.9614,-0.819,-0.9023,-1.035,-1.063,-0.7793,-0.9023,-0.9136,-0.748,-0.7085,-0.978,-0.769,-0.7886,-0.8486,-0.7026,-1.04,-1.0,-0.89,-0.7446,-0.747,-0.887,-0.9043,-0.7417,-0.959,-0.9917,-0.8984,-0.846,-0.964,-0.945,-0.7085,-0.7964,-0.7324,-0.876,-0.741,-1.008,-0.694
1910,-0.8105,-0.9424,-0.791,-0.9624,-0.8896,-0.7227,-0.9272,-0.771,-0.8413,-0.7217,-0.7456,-0.815,-0.889,-0.8193,-0.992,-0.932,-0.7134,-0.7637,-0.9253,-0.668,-0.821,-0.831,-0.992,-0.765,-0.7163,-0.943,-0.804,-0.9336,-0.8716,-0.866,-0.991,-0.779,-0.811,-0.739,-0.9297,-0.704,-0.719,-0.8613,-0.87,-0.6777,-0.9844,-0.8696,-0.867,-0.898,-0.791,-0.7627,-0.9575,-0.957,-0.707,-0.9414,-0.8364,-0.907,-0.77,-0.7725,-0.839,-0.882,-0.99,-0.8145,-0.9766,-0.7344,-1.05,-0.9307,-0.811,-0.825,-0.9966,-0.698,-0.8574,-0.917,-1.051,-0.7476,-0.83,-0.9565,-0.692,-0.7275,-0.932,-0.726,-0.7607,-0.8003,-0.7456,-0.9175,-0.947,-0.913,-0.7397,-0.735,-0.8354,-0.8037,-0.772,-0.992,-0.8906,-0.818,-0.8076,-0.9263,-0.8755,-0.717,-0.6055,-0.7305,-0.8335,-0.7305,-0.868,-0.7197
1911,-0.8345,-0.9165,-0.8223,-0.935,-0.8877,-0.759,-0.951,-0.7725,-0.846,-0.7344,-0.7646,-0.8096,-0.9277,-0.8315,-0.9897,-0.958,-0.7363,-0.7656,-0.9014,-0.6973,-0.8276,-0.8003,-0.9453,-0.7783,-0.746,-1.095,-0.788,-0.9575,-0.8867,-0.8613,-0.9756,-0.8057,-0.983,-0.7705,-1.002,-0.738,-0.728,-0.815,-0.8955,-0.652,-1.071,-0.8623,-0.916,-0.8853,-0.824,-0.747,-0.954,-0.946,-0.684,-0.9497,-0.8394,-0.951,-0.7812,-0.7856,-0.8105,-0.884,-1.003,-0.8433,-0.989,-0.756,-1.046,-0.953,-0.8047,-0.821,-0.899,-0.703,-0.8804,-0.905,-1.044,-0.7505,-0.8228,-0.946,-0.7417,-0.751,-0.9814,-0.7695,-0.74,-0.792,-0.6973,-0.978,-0.9644,-0.952,-0.7817,-0.7495,-0.832,-0.83,-0.783,-1.016,-0.913,-0.81,-0.8413,-1.023,-0.937,-0.737,-0.6553,-0.7397,-0.858,-0.7754,-0.969,-0.7583
1912,-0.7505,-0.832,-0.74,-0.8613,-0.8145,-0.6597,-0.847,-0.693,-0.771,-0.6567,-0.6665,-0.7275,-0.843,-0.789,-0.944,-0.875,-0.638,-0.7153,-0.865,-0.5913,-0.7666,-0.764,-0.8594,-0.6724,-0.663,-0.9287,-0.7427,-0.874,-0.8276,-0.781,-0.9644,-0.7417,-0.8354,-0.68,-0.8984,-0.6455,-0.671,-0.815,-0.9023,-0.634,-0.9336,-0.792,-0.8506,-0.826,-0.7207,-0.7334,-0.9185,-0.8555,-0.6187,-0.8984,-0.7827,-0.841,-0.7324,-0.6797,-0.746,-0.806,-0.9565,-0.7607,-0.8916,-0.706,-1.013,-0.8774,-0.75,-0.759,-0.878,-0.65,-0.8213,-0.926,-1.017,-0.697,-0.774,-0.893,-0.6216,-0.654,-0.9526,-0.677,-0.6904,-0.74,-0.677,-1.001,-0.8945,-0.9062,-0.671,-0.649,-0.768,-0.7803,-0.671,-0.886,-0.85,-0.7256,-0.7705,-0.9873,-0.8374,-0.635,-0.5986,-0.629,-0.787,-0.6675,-0.9634,-0.6484
1913,-0.7397,-0.853,-0.7207,-0.846,-0.807,-0.7183,-0.8384,-0.6924,-0.7407,-0.714,-0.6997,-0.6797,-0.823,-0.7944,-0.8677,-0.826,-0.684,-0.7197,-0.8325,-0.6475,-0.725,-0.793,-0.7925,-0.756,-0.7217,-0.8584,-0.6895,-0.848,-0.785,-0.76,-0.8516,-0.723,-0.8247,-0.7144,-0.849,-0.705,-0.667,-0.798,-0.7725,-0.6543,-0.9272,-0.8003,-0.9116,-0.8286,-0.686,-0.7393,-0.887,-0.7837,-0.674,-0.842,-0.7446,-0.89,-0.7407,-0.763,-0.703,-0.751,-0.9316,-0.766,-0.8716,-0.707,-0.8853,-0.8896,-0.7344,-0.7266,-0.8374,-0.656,-0.8174,-0.8184,-0.9795,-0.669,-0.7876,-0.8154,-0.6855,-0.7334,-0.8506,-0.728,-0.7183,-0.756,-0.671,-1.01,-0.8296,-0.8423,-0.7246,-0.6973,-0.738,-0.7725,-0.6978,-0.8525,-0.8584,-0.71,-0.7637,-0.861,-0.8423,-0.6875,-0.611,-0.713,-0.7495,-0.7227,-0.8335,-0.692
1914,-0.5615,-0.6875,-0.5586,-0.646,-0.6465,-0.5957,-0.665,-0.562,-0.562,-0.5967,-0.5786,-0.5146,-0.6504,-0.636,-0.5737,-0.655,-0.545,-0.5356,-0.616,-0.509,-0.557,-0.621,-0.6523,-0.6147,-0.582,-0.5415,-0.5337,-0.644,-0.632,-0.582,-0.612,-0.568,-0.5,-0.597,-0.651,-0.598,-0.5303,-0.545,-0.4165,-0.5054,-0.681,-0.604,-0.622,-0.661,-0.4998,-0.5317,-0.7046,-0.4653,-0.4958,-0.66,-0.5728,-0.6494,-0.611,-0.6216,-0.552,-0.598,-0.5933,-0.577,-0.5513,-0.562,-0.6514,-0.4841,-0.6206,-0.579,-0.5615,-0.547,-0.6494,-0.4937,-0.7314,-0.478,-0.5923,-0.526,-0.583,-0.5884,-0.4893,-0.601,-0.5723,-0.579,-0.503,-0.554,-0.6445,-0.4631,-0.5933,-0.5913,-0.598,-0.604,-0.606,-0.5596,-0.708,-0.5146,-0.5884,-0.6104,-0.6,-0.5737,-0.4773,-0.6064,-0.561,-0.576,-0.578,-0.555
1915,-0.4634,-0.6143,-0.4343,-0.6304,-0.607,-0.4958,-0.6226,-0.538,-0.528,-0.4993,-0.527,-0.5195,-0.559,-0.576,-0.425,-0.605,-0.4946,-0.4873,-0.5703,-0.4277,-0.511,-0.5884,-0.6235,-0.543,-0.4917,-0.4902,-0.5117,-0.6045,-0.601,-0.566,-0.471,-0.578,-0.4546,-0.508,-0.591,-0.4885,-0.4973,-0.4883,-0.381,-0.432,-0.5034,-0.54,-0.539,-0.6265,-0.4624,-0.574,-0.648,-0.436,-0.4822,-0.596,-0.5376,-0.6123,-0.524,-0.5503,-0.55,-0.589,-0.5796,-0.5176,-0.4463,-0.5156,-0.507,-0.4255,-0.559,-0.5737,-0.5493,-0.4478,-0.5986,-0.4622,-0.713,-0.428,-0.543,-0.3655,-0.488,-0.5073,-0.5244,-0.5493,-0.4973,-0.594,-0.4153,-0.565,-0.5605,-0.4614,-0.5195,-0.4875,-0.574,-0.5225,-0.5386,-0.562,-0.6147,-0.503,-0.5474,-0.5366,-0.586,-0.514,-0.3845,-0.5103,-0.5425,-0.4915,-0.4546,-0.4639
1916,-0.6934,-0.8457,-0.678,-0.8613,-0.802,-0.757,-0.813,-0.7886,-0.7554,-0.734,-0.748,-0.7324,-0.7876,-0.8315,-0.726,-0.826,-0.7466,-0.7554,-0.807,-0.64,-0.681,-0.8438,-0.9023,-0.769,-0.739,-0.8247,-0.7134,-0.835,-0.8247,-0.7397,-0.752,-0.8228,-0.704,-0.7534,-0.869,-0.748,-0.7427,-0.716,-0.649,-0.688,-0.7812,-0.783,-0.7104,-0.848,-0.713,-0.7544,-0.8853,-0.7456,-0.717,-0.853,-0.7075,-0.889,-0.818,-0.7764,-0.7383,-0.785,-0.8535,-0.737,-0.71,-0.7764,-0.798,-0.742,-0.811,-0.7803,-0.762,-0.72,-0.7773,-0.6484,-0.957,-0.6387,-0.806,-0.707,-0.725,-0.7495,-0.829,-0.738,-0.7266,-0.831,-0.6562,-0.805,-0.8896,-0.662,-0.7485,-0.7427,-0.7666,-0.772,-0.7866,-0.78,-0.8774,-0.714,-0.7773,-0.773,-0.815,-0.7124,-0.636,-0.74,-0.7383,-0.7334,-0.812,-0.712
1917,-0.8037,-0.9434,-0.766,-0.999,-0.879,-0.867,-0.9746,-0.898,-0.907,-0.836,-0.8403,-0.871,-0.904,-0.9424,-0.712,-0.99,-0.813,-0.904,-0.9624,-0.757,-0.8438,-0.911,-0.945,-0.8555,-0.8296,-0.915,-0.8315,-0.9775,-0.9297,-0.808,-0.7837,-0.9395,-0.7324,-0.8237,-1.076,-0.8247,-0.866,-0.8516,-0.657,-0.807,-0.8604,-0.9346,-0.8765,-0.9473,-0.871,-0.894,-0.976,-0.7163,-0.7944,-0.959,-0.829,-0.955,-0.922,-0.863,-0.82,-0.9175,-0.858,-0.874,-0.812,-0.8647,-0.913,-0.763,-0.906,-0.8955,-0.8228,-0.83,-0.8486,-0.768,-1.092,-0.755,-0.945,-0.849,-0.8184,-0.8315,-0.822,-0.842,-0.8555,-0.9443,-0.8066,-0.8794,-0.99,-0.7437,-0.84,-0.8193,-0.856,-0.907,-0.8496,-0.832,-0.968,-0.862,-0.884,-0.8296,-0.9805,-0.826,-0.7573,-0.8066,-0.8535,-0.8223,-0.6855,-0.794
1918,-0.6826,-0.786,-0.6333,-0.83,-0.7915,-0.7495,-0.7896,-0.7456,-0.7446,-0.734,-0.715,-0.708,-0.7837,-0.822,-0.777,-0.835,-0.6943,-0.759,-0.785,-0.6587,-0.7104,-0.786,-0.821,-0.777,-0.7397,-0.7285,-0.697,-0.86,-0.8345,-0.724,-0.725,-0.8022,-0.517,-0.783,-0.874,-0.74,-0.713,-0.7085,-0.5317,-0.7017,-0.794,-0.761,-0.719,-0.822,-0.688,-0.8013,-0.8286,-0.594,-0.681,-0.89,-0.7603,-0.871,-0.7856,-0.784,-0.753,-0.8296,-0.815,-0.757,-0.73,-0.7383,-0.725,-0.6084,-0.769,-0.8125,-0.728,-0.6875,-0.785,-0.599,-0.93,-0.623,-0.7974,-0.683,-0.7056,-0.7534,-0.7144,-0.75,-0.7227,-0.808,-0.668,-0.68,-0.8203,-0.692,-0.771,-0.737,-0.8154,-0.7793,-0.7515,-0.638,-0.871,-0.719,-0.7734,-0.688,-0.81,-0.702,-0.622,-0.7134,-0.693,-0.7495,-0.793,-0.696
1919,-0.6313,-0.716,-0.5986,-0.7373,-0.7246,-0.687,-0.7593,-0.701,-0.661,-0.6504,-0.678,-0.6694,-0.728,-0.703,-0.594,-0.7866,-0.6123,-0.666,-0.733,-0.602,-0.628,-0.7417,-0.858,-0.725,-0.6104,-0.5303,-0.6406,-0.756,-0.7285,-0.671,-0.595,-0.756,-0.4417,-0.679,-0.7974,-0.673,-0.6284,-0.633,-0.3042,-0.5864,-0.6147,-0.7134,-0.6694,-0.7695,-0.6,-0.6924,-0.79,-0.4353,-0.607,-0.7944,-0.67,-0.7715,-0.651,-0.7324,-0.67,-0.702,-0.686,-0.662,-0.5337,-0.6406,-0.6436,-0.5195,-0.7144,-0.7085,-0.5376,-0.607,-0.699,-0.632,-0.867,-0.5566,-0.7275,-0.5366,-0.6235,-0.651,-0.615,-0.6514,-0.6157,-0.742,-0.5684,-0.628,-0.7065,-0.542,-0.663,-0.6357,-0.7065,-0.6743,-0.7144,-0.5454,-0.7417,-0.6567,-0.6855,-0.6797,-0.6353,-0.6406,-0.501,-0.6265,-0.6475,-0.6562,-0.4792,-0.602
1920,-0.5713,-0.681,-0.532,-0.722,-0.748,-0.597,-0.7466,-0.621,-0.629,-0.6387,-0.6436,-0.594,-0.655,-0.7344,-0.621,-0.7256,-0.6035,-0.691,-0.7363,-0.539,-0.6294,-0.6406,-0.577,-0.6353,-0.5947,-0.6074,-0.5664,-0.6885,-0.637,-0.696,-0.593,-0.645,-0.6504,-0.6455,-0.696,-0.5938,-0.613,-0.6973,-0.3945,-0.5796,-0.667,-0.709,-0.743,-0.74,-0.5728,-0.6763,-0.7153,-0.4434,-0.566,-0.74,-0.6235,-0.7407,-0.6777,-0.6426,-0.6016,-0.5938,-0.645,-0.68,-0.4458,-0.6553,-0.671,-0.6353,-0.63,-0.603,-0.651,-0.5864,-0.7183,-0.6235,-0.8467,-0.559,-0.7344,-0.568,-0.5913,-0.624,-0.643,-0.635,-0.645,-0.6763,-0.553,-0.596,-0.709,-0.709,-0.622,-0.6157,-0.619,-0.6494,-0.5913,-0.6133,-0.755,-0.572,-0.6836,-0.736,-0.6934,-0.596,-0.5576,-0.6035,-0.6885,-0.6147,-0.632,-0.5894
1921,-0.502,-0.637,-0.4465,-0.6865,-0.6543,-0.6055,-0.662,-0.603,-0.5884,-0.6006,-0.5815,-0.5415,-0.583,-0.709,-0.6104,-0.6353,-0.5605,-0.6562,-0.6543,-0.5083,-0.5684,-0.6597,-0.7373,-0.605,-0.575,-0.636,-0.5244,-0.658,-0.6167,-0.61,-0.57,-0.6465,-0.577,-0.587,-0.7065,-0.573,-0.575,-0.597,-0.3994,-0.556,-0.6416,-0.627,-0.5664,-0.6704,-0.55,-0.664,-0.6675,-0.553,-0.5664,-0.6484,-0.6123,-0.6562,-0.6587,-0.6123,-0.552,-0.611,-0.6953,-0.624,-0.608,-0.5913,-0.6743,-0.533,-0.6387,-0.5835,-0.6167,-0.5415,-0.6353,-0.6084,-0.7686,-0.5083,-0.6855,-0.508,-0.547,-0.6064,-0.6577,-0.5713,-0.5986,-0.683,-0.5596,-0.5693,-0.6704,-0.5435,-0.598,-0.5654,-0.5728,-0.673,-0.632,-0.5933,-0.754,-0.533,-0.5854,-0.5947,-0.6196,-0.5635,-0.548,-0.5723,-0.6206,-0.564,-0.6626,-0.545
1922,-0.622,-0.731,-0.5547,-0.755,-0.725,-0.6367,-0.7505,-0.7275,-0.6787,-0.6416,-0.6567,-0.6436,-0.7,-0.8203,-0.6396,-0.726,-0.6265,-0.7637,-0.7783,-0.5527,-0.6504,-0.7417,-0.686,-0.6846,-0.642,-0.687,-0.6313,-0.7456,-0.7236,-0.6865,-0.698,-0.765,-0.5693,-0.661,-0.765,-0.6265,-0.69,-0.75,-0.558,-0.6245,-0.7524,-0.6978,-0.721,-0.7476,-0.643,-0.727,-0.7993,-0.667,-0.636,-0.7583,-0.701,-0.7344,-0.759,-0.692,-0.67,-0.669,-0.7793,-0.672,-0.707,-0.716,-0.7983,-0.6885,-0.7686,-0.6963,-0.7534,-0.656,-0.7017,-0.6465,-0.875,-0.559,-0.787,-0.703,-0.6206,-0.656,-0.715,-0.6562,-0.6826,-0.802,-0.615,-0.7266,-0.7383,-0.674,-0.66,-0.6514,-0.687,-0.767,-0.639,-0.6543,-0.85,-0.6445,-0.691,-0.7114,-0.7476,-0.609,-0.6387,-0.637,-0.6724,-0.637,-0.683,-0.616
1923,-0.594,-0.6836,-0.5283,-0.724,-0.727,-0.62,-0.73,-0.6997,-0.6445,-0.6436,-0.6074,-0.5864,-0.676,-0.7417,-0.709,-0.7085,-0.59,-0.715,-0.72,-0.547,-0.6655,-0.6733,-0.6445,-0.64,-0.635,-0.63,-0.611,-0.7144,-0.6836,-0.676,-0.627,-0.743,-0.678,-0.658,-0.681,-0.613,-0.658,-0.6943,-0.595,-0.5786,-0.707,-0.71,-0.7227,-0.7383,-0.6025,-0.675,-0.784,-0.57,-0.571,-0.761,-0.663,-0.6855,-0.665,-0.6475,-0.6445,-0.6675,-0.675,-0.698,-0.6924,-0.6934,-0.7266,-0.6846,-0.726,-0.6377,-0.6523,-0.6494,-0.7163,-0.6753,-0.852,-0.5894,-0.759,-0.6025,-0.6006,-0.6094,-0.7017,-0.5967,-0.6377,-0.7485,-0.581,-0.7334,-0.6733,-0.697,-0.6387,-0.6323,-0.6514,-0.6772,-0.608,-0.6304,-0.773,-0.6133,-0.6895,-0.6416,-0.648,-0.5986,-0.573,-0.607,-0.674,-0.623,-0.654,-0.612
1924,-0.613,-0.6646,-0.5435,-0.746,-0.72,-0.5957,-0.742,-0.6865,-0.658,-0.5996,-0.5894,-0.595,-0.701,-0.7915,-0.705,-0.6865,-0.566,-0.705,-0.6826,-0.4941,-0.638,-0.7246,-0.696,-0.6133,-0.5737,-0.671,-0.6313,-0.7256,-0.6724,-0.6787,-0.65,-0.7354,-0.654,-0.584,-0.7324,-0.5938,-0.675,-0.6216,-0.6807,-0.661,-0.74,-0.685,-0.6616,-0.7134,-0.6157,-0.725,-0.765,-0.7075,-0.6216,-0.679,-0.6504,-0.7324,-0.726,-0.6206,-0.668,-0.6484,-0.7188,-0.6777,-0.671,-0.7104,-0.77,-0.5967,-0.712,-0.634,-0.7705,-0.6123,-0.692,-0.6226,-0.8213,-0.591,-0.726,-0.6655,-0.583,-0.6113,-0.755,-0.607,-0.704,-0.761,-0.6274,-0.745,-0.696,-0.6665,-0.6147,-0.5957,-0.6406,-0.7236,-0.6064,-0.7163,-0.816,-0.6284,-0.6846,-0.642,-0.659,-0.6,-0.623,-0.568,-0.6895,-0.603,-0.6587,-0.588
1925,-0.526,-0.66,-0.4502,-0.711,-0.6694,-0.562,-0.7227,-0.6777,-0.5977,-0.5586,-0.572,-0.56,-0.6123,-0.7563,-0.619,-0.6724,-0.5254,-0.673,-0.657,-0.4854,-0.611,-0.7466,-0.719,-0.5635,-0.553,-0.628,-0.5728,-0.6875,-0.6406,-0.633,-0.576,-0.7383,-0.5806,-0.571,-0.673,-0.5405,-0.643,-0.618,-0.5195,-0.676,-0.7036,-0.642,-0.695,-0.6704,-0.593,-0.7593,-0.7305,-0.653,-0.643,-0.699,-0.623,-0.6284,-0.6934,-0.5703,-0.617,-0.6787,-0.725,-0.6504,-0.543,-0.6846,-0.7285,-0.6543,-0.71,-0.5903,-0.6636,-0.637,-0.6543,-0.607,-0.7656,-0.523,-0.75,-0.6675,-0.502,-0.5337,-0.7124,-0.5615,-0.724,-0.725,-0.6426,-0.747,-0.6387,-0.6343,-0.571,-0.5396,-0.6035,-0.6772,-0.5776,-0.633,-0.765,-0.579,-0.66,-0.6025,-0.6562,-0.529,-0.584,-0.5415,-0.6313,-0.5435,-0.6196,-0.5176
1926,-0.417,-0.541,-0.353,-0.531,-0.5835,-0.423,-0.6064,-0.584,-0.4893,-0.4465,-0.4194,-0.44,-0.5083,-0.6187,-0.534,-0.5483,-0.4082,-0.562,-0.5483,-0.3608,-0.4832,-0.607,-0.4634,-0.4514,-0.4238,-0.5044,-0.4685,-0.5015,-0.5283,-0.5337,-0.4653,-0.6294,-0.4917,-0.427,-0.56,-0.4353,-0.54,-0.494,-0.4287,-0.5327,-0.5273,-0.5444,-0.4478,-0.5713,-0.4604,-0.5605,-0.6216,-0.4404,-0.4783,-0.5264,-0.5024,-0.5635,-0.576,-0.4587,-0.5166,-0.5107,-0.466,-0.5127,-0.568,-0.578,-0.592,-0.4934,-0.621,-0.4802,-0.5234,-0.5283,-0.53,-0.5044,-0.637,-0.4238,-0.5923,-0.4812,-0.4058,-0.4297,-0.508,-0.4182,-0.5522,-0.636,-0.476,-0.4973,-0.525,-0.4646,-0.419,-0.4048,-0.5073,-0.562,-0.4185,-0.4773,-0.659,-0.464,-0.5254,-0.53,-0.5176,-0.3962,-0.4468,-0.4265,-0.539,-0.4253,-0.55,-0.3848
1927,-0.5283,-0.6567,-0.4622,-0.651,-0.665,-0.544,-0.7134,-0.6533,-0.6035,-0.51,-0.5454,-0.573,-0.617,-0.738,-0.6846,-0.7017,-0.4998,-0.727,-0.621,-0.4192,-0.591,-0.725,-0.5596,-0.5317,-0.4868,-0.603,-0.593,-0.6436,-0.633,-0.6313,-0.702,-0.7236,-0.616,-0.5176,-0.6514,-0.512,-0.6147,-0.5405,-0.553,-0.6445,-0.6646,-0.621,-0.5234,-0.666,-0.5913,-0.684,-0.703,-0.5176,-0.6035,-0.6367,-0.6123,-0.6035,-0.6714,-0.539,-0.622,-0.6187,-0.7495,-0.6084,-0.6514,-0.6504,-0.655,-0.592,-0.721,-0.5864,-0.6763,-0.602,-0.6133,-0.592,-0.7793,-0.4998,-0.7407,-0.593,-0.4985,-0.5117,-0.6514,-0.5156,-0.6465,-0.753,-0.592,-0.639,-0.6777,-0.689,-0.528,-0.516,-0.6255,-0.685,-0.509,-0.6284,-0.7515,-0.5864,-0.6396,-0.5513,-0.6685,-0.506,-0.572,-0.52,-0.63,-0.5107,-0.6006,-0.4993
1928,-0.5283,-0.567,-0.458,-0.637,-0.6577,-0.5654,-0.6953,-0.6226,-0.56,-0.5195,-0.525,-0.5146,-0.617,-0.704,-0.5845,-0.658,-0.4749,-0.698,-0.6577,-0.4604,-0.567,-0.655,-0.6426,-0.54,-0.511,-0.6377,-0.5576,-0.6543,-0.6035,-0.612,-0.6157,-0.672,-0.502,-0.558,-0.682,-0.5347,-0.5947,-0.5815,-0.553,-0.5864,-0.7026,-0.6104,-0.603,-0.645,-0.5557,-0.6074,-0.696,-0.593,-0.529,-0.679,-0.592,-0.678,-0.621,-0.5474,-0.595,-0.633,-0.6357,-0.6196,-0.5405,-0.6094,-0.652,-0.6455,-0.6753,-0.56,-0.532,-0.5786,-0.618,-0.593,-0.747,-0.488,-0.6914,-0.562,-0.4978,-0.551,-0.6416,-0.539,-0.571,-0.706,-0.5054,-0.663,-0.6167,-0.5903,-0.552,-0.528,-0.5977,-0.646,-0.5605,-0.556,-0.6987,-0.556,-0.616,-0.5747,-0.5835,-0.5386,-0.5454,-0.4912,-0.624,-0.5205,-0.554,-0.502
1929,-0.6772,-0.809,-0.622,-0.829,-0.789,-0.671,-0.8267,-0.7236,-0.7334,-0.6475,-0.6445,-0.6826,-0.767,-0.873,-0.787,-0.789,-0.629,-0.8564,-0.783,-0.5586,-0.7373,-0.8135,-0.798,-0.694,-0.6567,-0.698,-0.714,-0.853,-0.759,-0.759,-0.858,-0.8354,-0.668,-0.653,-0.8457,-0.6562,-0.731,-0.6836,-0.6846,-0.751,-0.777,-0.7495,-0.799,-0.793,-0.735,-0.805,-0.843,-0.6353,-0.7065,-0.822,-0.7393,-0.8535,-0.803,-0.7007,-0.763,-0.7856,-0.8286,-0.7637,-0.7085,-0.761,-0.7993,-0.7627,-0.814,-0.712,-0.822,-0.731,-0.754,-0.701,-0.9014,-0.6343,-0.8555,-0.8,-0.633,-0.653,-0.7974,-0.655,-0.746,-0.8594,-0.7124,-0.7866,-0.8506,-0.748,-0.6753,-0.662,-0.7617,-0.8267,-0.6655,-0.737,-0.8755,-0.726,-0.762,-0.8057,-0.8164,-0.63,-0.7407,-0.6377,-0.733,-0.6606,-0.7915,-0.6206
1930,-0.477,-0.5464,-0.422,-0.585,-0.599,-0.466,-0.6367,-0.6006,-0.5,-0.4731,-0.4827,-0.4668,-0.539,-0.67,-0.498,-0.6284,-0.463,-0.6685,-0.6113,-0.3906,-0.5396,-0.63,-0.554,-0.481,-0.4446,-0.6094,-0.501,-0.637,-0.5464,-0.551,-0.589,-0.598,-0.4573,-0.469,-0.6157,-0.4863,-0.541,-0.5503,-0.502,-0.5654,-0.604,-0.5425,-0.5386,-0.5786,-0.52,-0.5586,-0.6855,-0.549,-0.5146,-0.583,-0.5176,-0.6333,-0.629,-0.488,-0.5356,-0.577,-0.6055,-0.5576,-0.4507,-0.586,-0.5923,-0.614,-0.655,-0.485,-0.521,-0.5396,-0.5474,-0.5615,-0.7334,-0.4453,-0.652,-0.5166,-0.4688,-0.4863,-0.5254,-0.483,-0.5464,-0.6543,-0.4773,-0.6714,-0.5874,-0.5835,-0.502,-0.4578,-0.5405,-0.6245,-0.4756,-0.5024,-0.6934,-0.5,-0.5586,-0.526,-0.5845,-0.4727,-0.508,-0.4426,-0.5444,-0.483,-0.567,-0.467
1931,-0.418,-0.516,-0.3555,-0.528,-0.546,-0.4148,-0.5493,-0.4983,-0.444,-0.393,-0.3862,-0.432,-0.4834,-0.6006,-0.4119,-0.5615,-0.3748,-0.606,-0.526,-0.3118,-0.4878,-0.5806,-0.4902,-0.4446,-0.4014,-0.4734,-0.461,-0.5605,-0.51,-0.521,-0.4958,-0.541,-0.544,-0.447,-0.5444,-0.4148,-0.4587,-0.4429,-0.3828,-0.511,-0.4512,-0.4795,-0.4905,-0.538,-0.466,-0.5537,-0.5664,-0.3892,-0.4368,-0.615,-0.4722,-0.5605,-0.5156,-0.452,-0.4907,-0.513,-0.559,-0.4775,-0.47,-0.504,-0.5713,-0.4443,-0.5493,-0.4573,-0.5366,-0.4675,-0.4875,-0.5005,-0.624,-0.395,-0.596,-0.4514,-0.3833,-0.4011,-0.5303,-0.37,-0.506,-0.563,-0.4663,-0.5757,-0.5664,-0.5225,-0.4258,-0.3982,-0.507,-0.534,-0.4111,-0.5024,-0.5903,-0.461,-0.4941,-0.5703,-0.4873,-0.389,-0.4216,-0.3892,-0.489,-0.4011,-0.522,-0.3584
1932,-0.4915,-0.5317,-0.4092,-0.579,-0.5894,-0.4631,-0.607,-0.5464,-0.505,-0.4656,-0.4316,-0.4812,-0.5454,-0.6587,-0.609,-0.618,-0.4436,-0.6206,-0.4949,-0.3826,-0.563,-0.6094,-0.5093,-0.4888,-0.4233,-0.5723,-0.508,-0.5913,-0.562,-0.5605,-0.6025,-0.5874,-0.583,-0.459,-0.606,-0.449,-0.512,-0.3882,-0.529,-0.534,-0.6094,-0.5396,-0.471,-0.5986,-0.5454,-0.583,-0.6143,-0.4944,-0.4827,-0.5723,-0.554,-0.5845,-0.5776,-0.496,-0.5503,-0.524,-0.5835,-0.5767,-0.5635,-0.5522,-0.624,-0.4717,-0.5913,-0.505,-0.5176,-0.5093,-0.5645,-0.508,-0.6465,-0.475,-0.6377,-0.527,-0.4497,-0.4568,-0.5854,-0.4546,-0.563,-0.6123,-0.5073,-0.6104,-0.5605,-0.6196,-0.4753,-0.4663,-0.548,-0.601,-0.4565,-0.583,-0.6523,-0.5283,-0.566,-0.587,-0.548,-0.454,-0.4983,-0.4297,-0.5635,-0.455,-0.539,-0.4473
1933,-0.642,-0.709,-0.5654,-0.784,-0.737,-0.5293,-0.719,-0.7427,-0.676,-0.523,-0.5176,-0.6597,-0.697,-0.7974,-0.7056,-0.798,-0.5044,-0.8066,-0.713,-0.4163,-0.672,-0.7734,-0.717,-0.5293,-0.5273,-0.7036,-0.6865,-0.7563,-0.741,-0.6978,-0.688,-0.79,-0.7144,-0.526,-0.776,-0.5186,-0.694,-0.595,-0.6377,-0.7026,-0.7153,-0.661,-0.6934,-0.7266,-0.6904,-0.72,-0.8306,-0.6343,-0.6426,-0.773,-0.717,-0.778,-0.7266,-0.536,-0.7183,-0.736,-0.795,-0.6875,-0.6426,-0.735,-0.7397,-0.662,-0.771,-0.694,-0.672,-0.704,-0.6895,-0.6035,-0.843,-0.578,-0.7935,-0.7324,-0.4917,-0.565,-0.7583,-0.5474,-0.702,-0.7954,-0.645,-0.75,-0.7856,-0.7017,-0.524,-0.5283,-0.7197,-0.7397,-0.532,-0.745,-0.7837,-0.705,-0.7,-0.7144,-0.7065,-0.5015,-0.647,-0.4836,-0.6846,-0.5054,-0.6895,-0.4976
1934,-0.4885,-0.531,-0.4028,-0.6094,-0.591,-0.4436,-0.5845,-0.5586,-0.4917,-0.4365,-0.4421,-0.4905,-0.5405,-0.5986,-0.6,-0.6133,-0.4158,-0.579,-0.5894,-0.3525,-0.5493,-0.5864,-0.6113,-0.483,-0.4124,-0.5396,-0.52,-0.6675,-0.567,-0.543,-0.562,-0.537,-0.4778,-0.4585,-0.6367,-0.4614,-0.4736,-0.4846,-0.3833,-0.48,-0.5386,-0.5103,-0.529,-0.574,-0.5415,-0.5776,-0.6294,-0.4453,-0.4656,-0.633,-0.577,-0.631,-0.5107,-0.49,-0.554,-0.5796,-0.5967,-0.5376,-0.4512,-0.555,-0.5337,-0.4521,-0.563,-0.524,-0.55,-0.475,-0.541,-0.4758,-0.649,-0.429,-0.589,-0.5337,-0.4282,-0.4492,-0.647,-0.4353,-0.499,-0.5728,-0.4778,-0.4985,-0.6416,-0.5605,-0.4832,-0.4502,-0.5703,-0.5415,-0.479,-0.4817,-0.6147,-0.527,-0.5522,-0.5034,-0.6094,-0.438,-0.3987,-0.397,-0.547,-0.4534,-0.545,-0.4258
1935,-0.5513,-0.6387,-0.4688,-0.708,-0.612,-0.5005,-0.635,-0.5796,-0.5327,-0.4556,-0.4622,-0.5176,-0.5986,-0.7563,-0.624,-0.7217,-0.4604,-0.707,-0.6123,-0.3684,-0.5957,-0.64,-0.5234,-0.4812,-0.462,-0.669,-0.555,-0.6504,-0.602,-0.578,-0.528,-0.674,-0.6006,-0.4753,-0.681,-0.4792,-0.5566,-0.4673,-0.5454,-0.6104,-0.6074,-0.5557,-0.5605,-0.625,-0.5645,-0.659,-0.668,-0.5547,-0.5425,-0.687,-0.6006,-0.7,-0.6772,-0.4885,-0.581,-0.6704,-0.5854,-0.596,-0.605,-0.637,-0.689,-0.48,-0.648,-0.552,-0.582,-0.527,-0.5874,-0.5405,-0.7217,-0.4912,-0.6826,-0.5327,-0.4258,-0.4563,-0.6035,-0.4612,-0.607,-0.6787,-0.5674,-0.5537,-0.693,-0.638,-0.4626,-0.4983,-0.5933,-0.7207,-0.4512,-0.6255,-0.771,-0.56,-0.6025,-0.6714,-0.6504,-0.4448,-0.598,-0.4424,-0.617,-0.4788,-0.5464,-0.4548
1936,-0.517,-0.5684,-0.4453,-0.6016,-0.583,-0.4753,-0.5967,-0.5933,-0.5073,-0.457,-0.455,-0.4973,-0.564,-0.674,-0.5293,-0.638,-0.4158,-0.6353,-0.5835,-0.3833,-0.546,-0.6104,-0.5303,-0.493,-0.4336,-0.528,-0.5405,-0.6426,-0.5723,-0.5527,-0.5444,-0.64,-0.5933,-0.485,-0.607,-0.4639,-0.5483,-0.4807,-0.4832,-0.6035,-0.5806,-0.532,-0.4985,-0.5728,-0.5396,-0.6313,-0.6157,-0.505,-0.5093,-0.656,-0.578,-0.633,-0.622,-0.5,-0.5635,-0.5615,-0.5093,-0.554,-0.5645,-0.5845,-0.591,-0.522,-0.667,-0.5254,-0.612,-0.5083,-0.548,-0.4502,-0.6606,-0.451,-0.691,-0.4866,-0.4329,-0.4639,-0.5957,-0.4612,-0.62,-0.6465,-0.582,-0.5596,-0.615,-0.552,-0.4846,-0.4392,-0.576,-0.66,-0.459,-0.5537,-0.686,-0.535,-0.563,-0.549,-0.5713,-0.4575,-0.4915,-0.431,-0.5547,-0.4604,-0.4604,-0.4443
1937,-0.3965,-0.429,-0.3013,-0.4294,-0.444,-0.39,-0.4536,-0.4578,-0.3884,-0.4004,-0.3381,-0.3867,-0.4412,-0.5103,-0.4607,-0.486,-0.3518,-0.501,-0.4302,-0.2766,-0.4602,-0.473,-0.4248,-0.359,-0.3445,-0.3801,-0.4368,-0.4397,-0.4617,-0.4373,-0.4019,-0.5117,-0.38,-0.3518,-0.4404,-0.3706,-0.4194,-0.336,-0.4255,-0.4583,-0.449,-0.395,-0.445,-0.4277,-0.3992,-0.4653,-0.4905,-0.458,-0.3604,-0.4297,-0.4487,-0.5015,-0.4683,-0.3662,-0.4395,-0.3916,-0.4438,-0.4502,-0.3594,-0.4636,-0.3662,-0.3625,-0.5273,-0.3867,-0.408,-0.3745,-0.446,-0.3926,-0.5034,-0.3435,-0.545,-0.4048,-0.3457,-0.3665,-0.456,-0.3628,-0.4392,-0.5303,-0.424,-0.4163,-0.4421,-0.3354,-0.363,-0.3647,-0.4377,-0.4817,-0.3772,-0.379,-0.5303,-0.435,-0.4753,-0.3674,-0.4172,-0.3706,-0.3389,-0.3435,-0.4597,-0.3455,-0.3481,-0.3464
1938,-0.3782,-0.4192,-0.2874,-0.4268,-0.4282,-0.3557,-0.447,-0.4902,-0.3604,-0.383,-0.364,-0.338,-0.4248,-0.541,-0.3818,-0.5146,-0.346,-0.5312,-0.484,-0.2874,-0.4358,-0.4739,-0.3684,-0.389,-0.358,-0.4375,-0.4128,-0.4392,-0.4395,-0.4353,-0.4417,-0.5283,-0.441,-0.3823,-0.4614,-0.3857,-0.451,-0.409,-0.3582,-0.4705,-0.4055,-0.398,-0.3748,-0.4282,-0.39,-0.4958,-0.507,-0.306,-0.3735,-0.4607,-0.4385,-0.4473,-0.502,-0.3962,-0.4302,-0.412,-0.493,-0.451,-0.337,-0.484,-0.4285,-0.4011,-0.555,-0.3833,-0.3174,-0.3972,-0.4333,-0.3345,-0.5117,-0.316,-0.553,-0.3826,-0.3499,-0.3909,-0.44,-0.3738,-0.488,-0.5557,-0.4485,-0.4595,-0.4744,-0.431,-0.3777,-0.369,-0.4248,-0.5483,-0.3706,-0.3713,-0.561,-0.4167,-0.4866,-0.4539,-0.4087,-0.3643,-0.3943,-0.353,-0.4553,-0.3804,-0.3423,-0.3523
1939,-0.4124,-0.3845,-0.328,-0.5254,-0.433,-0.3691,-0.4272,-0.4944,-0.3682,-0.3555,-0.3477,-0.3474,-0.4553,-0.501,-0.4285,-0.4802,-0.3496,-0.5137,-0.4556,-0.2761,-0.4282,-0.4817,-0.463,-0.3743,-0.3572,-0.4712,-0.445,-0.47,-0.469,-0.4597,-0.4084,-0.5117,-0.4583,-0.3713,-0.4727,-0.393,-0.395,-0.3718,-0.4534,-0.4783,-0.496,-0.409,-0.3984,-0.4326,-0.413,-0.4768,-0.52,-0.4924,-0.3804,-0.4883,-0.4692,-0.4697,-0.4856,-0.3816,-0.4443,-0.4087,-0.5264,-0.4324,-0.4954,-0.442,-0.4458,-0.416,-0.518,-0.4043,-0.5024,-0.3481,-0.4126,-0.4182,-0.524,-0.3047,-0.5293,-0.5127,-0.338,-0.3518,-0.52,-0.3489,-0.4504,-0.5435,-0.417,-0.4966,-0.4524,-0.4275,-0.3684,-0.3484,-0.4133,-0.516,-0.3806,-0.5117,-0.535,-0.4434,-0.469,-0.4546,-0.433,-0.3523,-0.3538,-0.3115,-0.4734,-0.3586,-0.479,-0.348
1940,-0.3877,-0.3203,-0.3103,-0.4197,-0.282,-0.3508,-0.2925,-0.3997,-0.2245,-0.342,-0.328,-0.1864,-0.4258,-0.4243,-0.4126,-0.4177,-0.3357,-0.4014,-0.4075,-0.3186,-0.3125,-0.3662,-0.316,-0.3755,-0.3132,-0.3633,-0.3293,-0.3826,-0.3342,-0.3403,-0.3643,-0.4473,-0.1973,-0.3274,-0.362,-0.3423,-0.3406,-0.2983,-0.264,-0.382,-0.383,-0.2607,-0.2432,-0.2715,-0.2927,-0.3914,-0.4219,-0.333,-0.3232,-0.3418,-0.337,-0.3733,-0.394,-0.3828,-0.2837,-0.349,-0.379,-0.305,-0.4136,-0.3752,-0.3862,-0.2896,-0.3843,-0.2556,-0.3916,-0.3516,-0.2668,-0.3037,-0.4236,-0.1635,-0.427,-0.491,-0.2625,-0.329,-0.4111,-0.3313,-0.3513,-0.4465,-0.3098,-0.225,-0.4097,-0.3755,-0.3523,-0.345,-0.2615,-0.4565,-0.355,-0.3914,-0.4546,-0.3179,-0.3074,-0.2903,-0.2954,-0.3552,-0.2932,-0.3096,-0.3547,-0.3433,-0.2595,-0.3354
1941,-0.4827,-0.4646,-0.2373,-0.2808,-0.1838,-0.3113,-0.1547,-0.3699,-0.1953,-0.2827,-0.3457,-0.1224,-0.5137,-0.449,-0.2434,-0.589,-0.317,-0.3838,-0.3682,-0.283,-0.2255,-0.387,-0.411,-0.2979,-0.3254,-0.2449,-0.326,-0.5923,-0.321,-0.2673,-0.309,-0.4104,-0.1758,-0.3496,-0.4592,-0.2844,-0.3167,-0.2426,-0.12256,-0.3647,-0.3318,-0.1927,-0.2651,-0.1903,-0.267,-0.4238,-0.472,-0.2795,-0.295,-0.5723,-0.3113,-0.336,-0.3997,-0.305,-0.215,-0.347,-0.1965,-0.2688,-0.333,-0.349,-0.3154,-0.2993,-0.3433,-0.1783,-0.1595,-0.261,-0.1892,-0.1808,-0.3704,-0.10126,-0.386,-0.227,-0.2573,-0.3203,-0.2715,-0.3052,-0.3806,-0.4272,-0.3743,-0.2744,-0.4934,-0.1508,-0.3596,-0.3064,-0.181,-0.4434,-0.3286,-0.3162,-0.4805,-0.2651,-0.2185,-0.2427,-0.3137,-0.2783,-0.2566,-0.3193,-0.2869,-0.3193,-0.1652,-0.2952
1942,-0.4348,-0.478,-0.2222,-0.3674,-0.3948,-0.3953,-0.3862,-0.582,-0.2073,-0.3489,-0.4111,-0.3442,-0.4688,-0.5757,-0.3442,-0.4995,-0.3704,-0.602,-0.3914,-0.3628,-0.3655,-0.5674,-0.385,-0.3647,-0.3914,-0.446,-0.351,-0.5933,-0.329,-0.377,-0.3027,-0.6035,-0.2478,-0.433,-0.4487,-0.3657,-0.4194,-0.315,-0.4106,-0.49,-0.3281,-0.2377,-0.2286,-0.3733,-0.3345,-0.565,-0.503,-0.2761,-0.472,-0.5913,-0.3643,-0.3523,-0.4775,-0.372,-0.394,-0.4033,-0.4355,-0.3262,-0.3167,-0.5605,-0.3528,-0.3293,-0.601,-0.3474,-0.346,-0.528,-0.297,-0.318,-0.3967,-0.3318,-0.6196,-0.2747,-0.3147,-0.3848,-0.2603,-0.3948,-0.5464,-0.6255,-0.4646,-0.4048,-0.4531,-0.2585,-0.4392,-0.379,-0.3733,-0.575,-0.3916,-0.3372,-0.5864,-0.3113,-0.427,-0.3518,-0.3093,-0.3474,-0.455,-0.3994,-0.3232,-0.3943,-0.3936,-0.3418
1943,-0.3838,-0.4453,-0.1881,-0.328,-0.37,-0.392,-0.3547,-0.4824,-0.1688,-0.3481,-0.4111,-0.311,-0.42,-0.5337,-0.335,-0.5293,-0.39,-0.4531,-0.314,-0.3745,-0.3547,-0.503,-0.454,-0.3784,-0.4106,-0.364,-0.3103,-0.483,-0.2986,-0.3853,-0.3164,-0.5024,-0.1658,-0.4197,-0.384,-0.3557,-0.355,-0.2847,-0.332,-0.4368,-0.3142,-0.251,-0.308,-0.3545,-0.3064,-0.4778,-0.449,-0.322,-0.4138,-0.463,-0.319,-0.2717,-0.4954,-0.3857,-0.3481,-0.33,-0.15,-0.3472,-0.243,-0.4395,-0.337,-0.2292,-0.5034,-0.3098,-0.3389,-0.432,-0.3147,-0.2725,-0.3428,-0.3755,-0.5146,-0.2136,-0.3481,-0.3984,-0.298,-0.3833,-0.46,-0.515,-0.413,-0.24,-0.3733,-0.305,-0.43,-0.386,-0.3215,-0.521,-0.4104,-0.2747,-0.545,-0.2861,-0.4219,-0.274,-0.2893,-0.3572,-0.4238,-0.4082,-0.3071,-0.4033,-0.3623,-0.3726
1944,-0.25,-0.2656,-0.0597,-0.2194,-0.2286,-0.2854,-0.2083,-0.4502,-0.1179,-0.244,-0.3367,-0.2335,-0.2893,-0.4446,-0.1836,-0.4612,-0.28,-0.3948,-0.278,-0.2637,-0.1917,-0.4924,-0.3098,-0.2742,-0.298,-0.1884,-0.2113,-0.44,-0.2091,-0.2372,-0.2886,-0.4778,-0.3252,-0.3198,-0.2074,-0.2583,-0.3574,-0.2183,-0.2717,-0.408,-0.3384,-0.1348,-0.1305,-0.2152,-0.1993,-0.4358,-0.355,-0.264,-0.4014,-0.386,-0.2407,-0.1771,-0.3818,-0.2812,-0.2299,-0.2137,-0.2957,-0.1702,-0.2234,-0.445,-0.261,-0.3298,-0.4653,-0.2059,-0.2512,-0.4333,-0.1592,-0.3755,-0.2554,-0.216,-0.4639,-0.372,-0.2334,-0.2815,-0.1716,-0.2695,-0.3994,-0.5034,-0.3672,-0.368,-0.2208,-0.1779,-0.338,-0.285,-0.2085,-0.4568,-0.3042,-0.2957,-0.4834,-0.1803,-0.2449,-0.3499,-0.2241,-0.2542,-0.3525,-0.2852,-0.167,-0.3032,-0.2167,-0.2527
1945,-0.383,-0.4094,-0.2025,-0.3179,-0.358,-0.3484,-0.2827,-0.576,-0.2133,-0.2957,-0.3716,-0.3271,-0.415,-0.5625,-0.4785,-0.4722,-0.3408,-0.536,-0.3816,-0.3213,-0.2686,-0.4832,-0.3853,-0.3306,-0.3496,-0.4321,-0.3264,-0.4995,-0.3296,-0.367,-0.5156,-0.6055,-0.4624,-0.3738,-0.4226,-0.3164,-0.4612,-0.294,-0.3616,-0.4036,-0.4753,-0.2336,-0.2354,-0.3306,-0.2625,-0.542,-0.4895,-0.4548,-0.4182,-0.4995,-0.3271,-0.291,-0.577,-0.3376,-0.3577,-0.2404,-0.4128,-0.253,-0.3616,-0.5024,-0.4463,-0.4275,-0.5527,-0.332,-0.4336,-0.5195,-0.2805,-0.3894,-0.3987,-0.3367,-0.602,-0.4365,-0.2834,-0.3518,-0.4717,-0.329,-0.4846,-0.53,-0.496,-0.4158,-0.5215,-0.4548,-0.3794,-0.347,-0.3364,-0.5635,-0.3552,-0.3835,-0.595,-0.2888,-0.3506,-0.4553,-0.3203,-0.3237,-0.4207,-0.3452,-0.2876,-0.3596,-0.3977,-0.3105
1946,-0.507,-0.4807,-0.3726,-0.569,-0.4463,-0.3765,-0.4897,-0.5894,-0.3896,-0.3923,-0.4246,-0.4395,-0.5063,-0.602,-0.452,-0.6006,-0.41,-0.5737,-0.4915,-0.3567,-0.4456,-0.564,-0.499,-0.418,-0.344,-0.4292,-0.4438,-0.3982,-0.462,-0.4536,-0.477,-0.642,-0.3457,-0.385,-0.4504,-0.4065,-0.5786,-0.4136,-0.3645,-0.5176,-0.513,-0.4233,-0.4473,-0.4653,-0.4636,-0.5503,-0.585,-0.3823,-0.4846,-0.4836,-0.4812,-0.4849,-0.6357,-0.4253,-0.4324,-0.563,-0.441,-0.4836,-0.4026,-0.552,-0.4194,-0.4548,-0.594,-0.4248,-0.3418,-0.5586,-0.385,-0.4312,-0.6353,-0.4915,-0.596,-0.464,-0.3472,-0.4016,-0.42,-0.3718,-0.513,-0.614,-0.491,-0.4548,-0.6143,-0.4949,-0.3618,-0.371,-0.3901,-0.6484,-0.403,-0.3716,-0.685,-0.4465,-0.4922,-0.452,-0.522,-0.4397,-0.5117,-0.3767,-0.5234,-0.41,-0.4692,-0.4045
1947,-0.5215,-0.4412,-0.3608,-0.484,-0.459,-0.3848,-0.4578,-0.514,-0.3281,-0.3914,-0.3955,-0.4675,-0.511,-0.5205,-0.3953,-0.4768,-0.4043,-0.4553,-0.496,-0.3516,-0.3958,-0.4846,-0.473,-0.4385,-0.3672,-0.371,-0.42,-0.3735,-0.44,-0.4387,-0.4377,-0.532,-0.3225,-0.4072,-0.384,-0.429,-0.4521,-0.4714,-0.3135,-0.4224,-0.44,-0.414,-0.438,-0.4475,-0.4214,-0.491,-0.5107,-0.4211,-0.4197,-0.4707,-0.42,-0.3997,-0.4985,-0.4456,-0.4443,-0.4316,-0.461,-0.4436,-0.349,-0.474,-0.42,-0.4253,-0.54,-0.44,-0.3801,-0.4797,-0.4128,-0.3325,-0.5415,-0.4844,-0.507,-0.3977,-0.3584,-0.4036,-0.4485,-0.3806,-0.4778,-0.5234,-0.4336,-0.3516,-0.5176,-0.3496,-0.38,-0.3845,-0.3914,-0.565,-0.4065,-0.4536,-0.5513,-0.4365,-0.4656,-0.3306,-0.421,-0.4387,-0.396,-0.3896,-0.454,-0.419,-0.369,-0.4036
1948,-0.4934,-0.5107,-0.3464,-0.57,-0.506,-0.3745,-0.529,-0.541,-0.4233,-0.396,-0.4136,-0.48,-0.4792,-0.586,-0.476,-0.5977,-0.393,-0.5483,-0.5166,-0.321,-0.4617,-0.559,-0.4993,-0.4226,-0.3733,-0.539,-0.476,-0.4995,-0.518,-0.4863,-0.535,-0.5796,-0.4763,-0.375,-0.4873,-0.4062,-0.5107,-0.4197,-0.5615,-0.518,-0.4873,-0.4614,-0.5073,-0.4954,-0.4524,-0.575,-0.535,-0.4229,-0.4753,-0.4856,-0.4685,-0.5396,-0.557,-0.4297,-0.4539,-0.5254,-0.4202,-0.5063,-0.539,-0.5435,-0.592,-0.421,-0.591,-0.4521,-0.511,-0.528,-0.451,-0.4275,-0.5903,-0.535,-0.536,-0.4749,-0.3547,-0.4116,-0.5747,-0.3752,-0.5625,-0.5806,-0.5356,-0.4795,-0.6045,-0.527,-0.386,-0.3862,-0.4443,-0.6245,-0.4004,-0.441,-0.6587,-0.4407,-0.5083,-0.498,-0.511,-0.4312,-0.488,-0.3762,-0.508,-0.4087,-0.5117,-0.412
1949,-0.5127,-0.546,-0.4038,-0.572,-0.527,-0.4277,-0.5166,-0.577,-0.4272,-0.4382,-0.446,-0.493,-0.4998,-0.6553,-0.5107,-0.5845,-0.439,-0.631,-0.5625,-0.3752,-0.455,-0.5693,-0.5205,-0.4678,-0.4072,-0.5586,-0.474,-0.5205,-0.514,-0.512,-0.582,-0.624,-0.4216,-0.4556,-0.554,-0.446,-0.5703,-0.4817,-0.5005,-0.5366,-0.5303,-0.4756,-0.51,-0.4915,-0.4954,-0.6367,-0.5903,-0.5103,-0.503,-0.5938,-0.4924,-0.4846,-0.616,-0.4749,-0.5054,-0.578,-0.511,-0.4934,-0.5176,-0.621,-0.5195,-0.5024,-0.644,-0.4597,-0.5347,-0.6055,-0.4658,-0.465,-0.624,-0.5312,-0.646,-0.598,-0.3867,-0.4712,-0.5835,-0.4238,-0.6143,-0.6226,-0.6187,-0.599,-0.573,-0.4634,-0.4329,-0.4321,-0.4805,-0.6226,-0.4475,-0.559,-0.647,-0.4673,-0.5015,-0.539,-0.509,-0.4727,-0.551,-0.4292,-0.5015,-0.4585,-0.5093,-0.442
1950,-0.5923,-0.6167,-0.5234,-0.6235,-0.5796,-0.529,-0.607,-0.6807,-0.5063,-0.533,-0.528,-0.579,-0.593,-0.7417,-0.5845,-0.6646,-0.5005,-0.702,-0.5913,-0.4783,-0.5283,-0.683,-0.5684,-0.5615,-0.501,-0.597,-0.5376,-0.603,-0.6147,-0.573,-0.6343,-0.6934,-0.611,-0.5366,-0.614,-0.531,-0.625,-0.518,-0.632,-0.6646,-0.6626,-0.531,-0.5303,-0.5654,-0.585,-0.6934,-0.634,-0.5625,-0.5923,-0.662,-0.613,-0.6265,-0.7085,-0.569,-0.6094,-0.6377,-0.6484,-0.56,-0.6284,-0.673,-0.6104,-0.5073,-0.699,-0.5625,-0.6025,-0.6714,-0.5356,-0.5396,-0.7124,-0.5938,-0.686,-0.6953,-0.4834,-0.5386,-0.6206,-0.492,-0.698,-0.712,-0.637,-0.574,-0.6436,-0.6113,-0.515,-0.502,-0.577,-0.727,-0.5127,-0.6035,-0.795,-0.559,-0.554,-0.517,-0.546,-0.5415,-0.648,-0.508,-0.571,-0.5547,-0.576,-0.5176
1951,-0.4246,-0.4182,-0.3665,-0.473,-0.4673,-0.409,-0.4565,-0.5,-0.3838,-0.41,-0.376,-0.4346,-0.425,-0.5425,-0.5225,-0.4666,-0.3757,-0.519,-0.4468,-0.3357,-0.4617,-0.491,-0.3777,-0.4016,-0.3843,-0.554,-0.4197,-0.4485,-0.459,-0.4663,-0.5366,-0.5254,-0.4392,-0.4143,-0.4915,-0.395,-0.4712,-0.3982,-0.502,-0.4875,-0.456,-0.42,-0.391,-0.4094,-0.4875,-0.5293,-0.4482,-0.4177,-0.4307,-0.4966,-0.5054,-0.4194,-0.5034,-0.409,-0.4814,-0.443,-0.3813,-0.4595,-0.4346,-0.5293,-0.3894,-0.428,-0.53,-0.3667,-0.467,-0.513,-0.446,-0.4075,-0.492,-0.507,-0.509,-0.4954,-0.362,-0.384,-0.551,-0.3533,-0.52,-0.537,-0.4788,-0.4766,-0.448,-0.4773,-0.3953,-0.3674,-0.4368,-0.525,-0.3718,-0.4734,-0.571,-0.4026,-0.4517,-0.439,-0.4675,-0.4,-0.4536,-0.3647,-0.472,-0.4062,-0.4265,-0.4277
1952,-0.3398,-0.405,-0.2825,-0.4006,-0.4148,-0.3225,-0.4001,-0.4712,-0.333,-0.3293,-0.3262,-0.378,-0.3408,-0.581,-0.382,-0.3572,-0.3364,-0.4805,-0.3467,-0.2815,-0.3882,-0.4924,-0.3464,-0.3442,-0.3093,-0.3716,-0.394,-0.381,-0.4326,-0.4155,-0.4207,-0.4917,-0.3552,-0.3496,-0.4116,-0.3357,-0.4485,-0.2856,-0.419,-0.456,-0.353,-0.3735,-0.2993,-0.376,-0.3843,-0.4644,-0.367,-0.3223,-0.4006,-0.421,-0.435,-0.421,-0.518,-0.3516,-0.4446,-0.4055,-0.3872,-0.3867,-0.3875,-0.5137,-0.3972,-0.3708,-0.5234,-0.3547,-0.3652,-0.4722,-0.3987,-0.4272,-0.4082,-0.433,-0.4834,-0.3591,-0.3032,-0.319,-0.422,-0.2812,-0.4622,-0.5366,-0.4585,-0.3423,-0.3713,-0.3506,-0.3367,-0.294,-0.3684,-0.5654,-0.3271,-0.3923,-0.599,-0.323,-0.4092,-0.3396,-0.3618,-0.3242,-0.4705,-0.334,-0.4019,-0.3433,-0.3813,-0.3315
1953,-0.2389,-0.2861,-0.1854,-0.2854,-0.3352,-0.2957,-0.322,-0.4097,-0.2678,-0.2886,-0.2988,-0.308,-0.25,-0.456,-0.305,-0.3054,-0.2998,-0.4116,-0.2979,-0.2393,-0.355,-0.4019,-0.2405,-0.3044,-0.27,-0.2404,-0.3281,-0.316,-0.3242,-0.3425,-0.382,-0.4404,-0.3215,-0.2927,-0.314,-0.3054,-0.3538,-0.2566,-0.365,-0.3782,-0.326,-0.3047,-0.256,-0.291,-0.2788,-0.4348,-0.29,-0.2966,-0.3286,-0.309,-0.3525,-0.327,-0.4277,-0.3115,-0.3562,-0.249,-0.381,-0.3276,-0.3452,-0.4094,-0.339,-0.3354,-0.401,-0.255,-0.3481,-0.4248,-0.3433,-0.3242,-0.3516,-0.3757,-0.4119,-0.3398,-0.2551,-0.291,-0.2435,-0.2646,-0.4333,-0.441,-0.4185,-0.3445,-0.281,-0.3545,-0.3022,-0.2856,-0.2761,-0.4448,-0.273,-0.3381,-0.4897,-0.2583,-0.339,-0.228,-0.2654,-0.2856,-0.376,-0.2742,-0.3,-0.2935,-0.3157,-0.2988
1954,-0.4575,-0.521,-0.417,-0.5425,-0.522,-0.5054,-0.5312,-0.589,-0.471,-0.5166,-0.5137,-0.4746,-0.479,-0.624,-0.5117,-0.478,-0.5117,-0.5776,-0.511,-0.4297,-0.5337,-0.543,-0.4248,-0.5083,-0.4907,-0.4932,-0.4966,-0.4568,-0.5537,-0.522,-0.4832,-0.6333,-0.4497,-0.5327,-0.515,-0.508,-0.5234,-0.4727,-0.538,-0.5845,-0.5156,-0.511,-0.4531,-0.4956,-0.4814,-0.5796,-0.4722,-0.512,-0.4998,-0.5635,-0.5415,-0.5244,-0.585,-0.5156,-0.5513,-0.4585,-0.4727,-0.5273,-0.5356,-0.5605,-0.5293,-0.4878,-0.5767,-0.458,-0.4668,-0.607,-0.5205,-0.411,-0.558,-0.549,-0.576,-0.5513,-0.4502,-0.52,-0.4722,-0.481,-0.552,-0.5776,-0.5186,-0.488,-0.471,-0.5444,-0.4854,-0.511,-0.4626,-0.598,-0.48,-0.465,-0.6655,-0.4836,-0.546,-0.4707,-0.4773,-0.4949,-0.521,-0.5034,-0.4976,-0.4907,-0.522,-0.497
1955,-0.5166,-0.5273,-0.4768,-0.563,-0.5938,-0.5347,-0.6025,-0.6284,-0.546,-0.5713,-0.5293,-0.5327,-0.545,-0.6343,-0.505,-0.543,-0.5557,-0.5957,-0.5596,-0.4648,-0.538,-0.6284,-0.56,-0.516,-0.5635,-0.5283,-0.5454,-0.605,-0.6284,-0.588,-0.5537,-0.6367,-0.5493,-0.5547,-0.537,-0.5317,-0.5767,-0.548,-0.527,-0.5938,-0.611,-0.5664,-0.5107,-0.545,-0.5786,-0.637,-0.5376,-0.4807,-0.571,-0.5864,-0.6113,-0.5576,-0.635,-0.5234,-0.6016,-0.5376,-0.584,-0.565,-0.5166,-0.649,-0.5713,-0.5273,-0.6504,-0.538,-0.5527,-0.624,-0.57,-0.535,-0.595,-0.5615,-0.6177,-0.5337,-0.5073,-0.5547,-0.51,-0.526,-0.6167,-0.6787,-0.6133,-0.5903,-0.4966,-0.598,-0.571,-0.538,-0.545,-0.6475,-0.538,-0.6104,-0.692,-0.566,-0.591,-0.5425,-0.4824,-0.526,-0.589,-0.5166,-0.5645,-0.532,-0.4602,-0.548
1956,-0.628,-0.6304,-0.5957,-0.6514,-0.631,-0.61,-0.632,-0.6807,-0.5884,-0.597,-0.624,-0.549,-0.661,-0.7056,-0.55,-0.636,-0.605,-0.6494,-0.664,-0.508,-0.5933,-0.66,-0.573,-0.601,-0.5835,-0.563,-0.617,-0.6846,-0.673,-0.6226,-0.612,-0.668,-0.5654,-0.638,-0.6426,-0.5923,-0.6006,-0.6357,-0.6064,-0.648,-0.657,-0.614,-0.625,-0.5923,-0.596,-0.663,-0.602,-0.566,-0.6133,-0.71,-0.648,-0.638,-0.6655,-0.6084,-0.6626,-0.6167,-0.5605,-0.6035,-0.64,-0.64,-0.577,-0.6416,-0.6514,-0.587,-0.5747,-0.645,-0.617,-0.572,-0.6616,-0.6064,-0.642,-0.624,-0.5703,-0.602,-0.6323,-0.5825,-0.664,-0.677,-0.6445,-0.554,-0.6416,-0.614,-0.6313,-0.5757,-0.6064,-0.686,-0.578,-0.5825,-0.7524,-0.6055,-0.6235,-0.564,-0.604,-0.601,-0.6274,-0.587,-0.576,-0.597,-0.6396,-0.618
1957,-0.369,-0.4148,-0.3398,-0.4128,-0.4092,-0.3508,-0.37,-0.4448,-0.3347,-0.3528,-0.3638,-0.3997,-0.394,-0.5093,-0.3555,-0.3794,-0.3738,-0.457,-0.4224,-0.291,-0.383,-0.459,-0.4163,-0.3374,-0.341,-0.379,-0.4204,-0.405,-0.4001,-0.3982,-0.3594,-0.4739,-0.2844,-0.371,-0.4285,-0.3782,-0.4355,-0.3918,-0.3606,-0.4236,-0.3306,-0.3767,-0.3489,-0.3801,-0.3545,-0.4456,-0.3975,-0.3394,-0.4023,-0.4446,-0.4158,-0.414,-0.4749,-0.3447,-0.427,-0.3933,-0.356,-0.369,-0.388,-0.4578,-0.3562,-0.3264,-0.4978,-0.3545,-0.344,-0.455,-0.3865,-0.3381,-0.474,-0.4111,-0.4785,-0.3286,-0.3289,-0.3538,-0.374,-0.3245,-0.4438,-0.4956,-0.437,-0.3538,-0.3882,-0.3354,-0.3567,-0.3413,-0.3572,-0.4714,-0.3665,-0.341,-0.538,-0.33,-0.3918,-0.3357,-0.3994,-0.3608,-0.43,-0.348,-0.3765,-0.3418,-0.3743,-0.3694
1958,-0.3164,-0.4426,-0.2908,-0.4026,-0.3782,-0.2827,-0.3616,-0.4653,-0.3064,-0.3027,-0.2998,-0.3367,-0.34,-0.4995,-0.2925,-0.3843,-0.299,-0.4338,-0.3875,-0.2029,-0.344,-0.4673,-0.3647,-0.3118,-0.305,-0.3257,-0.3606,-0.3525,-0.362,-0.3809,-0.271,-0.4734,-0.2668,-0.3113,-0.4062,-0.3057,-0.4485,-0.3398,-0.2546,-0.4358,-0.3503,-0.366,-0.3289,-0.351,-0.3335,-0.4697,-0.407,-0.2878,-0.413,-0.4292,-0.3845,-0.436,-0.4607,-0.3188,-0.3635,-0.409,-0.377,-0.3438,-0.3076,-0.4663,-0.2888,-0.274,-0.492,-0.2983,-0.3062,-0.4568,-0.3494,-0.2205,-0.459,-0.3665,-0.466,-0.3533,-0.256,-0.3079,-0.288,-0.281,-0.4658,-0.496,-0.4622,-0.3022,-0.356,-0.3457,-0.274,-0.3113,-0.296,-0.4475,-0.2944,-0.2874,-0.5234,-0.2612,-0.3428,-0.2744,-0.3938,-0.3062,-0.4148,-0.312,-0.3413,-0.296,-0.251,-0.3123
1959,-0.3618,-0.452,-0.3174,-0.4248,-0.3945,-0.359,-0.3928,-0.481,-0.2886,-0.346,-0.3613,-0.3193,-0.378,-0.548,-0.3193,-0.4065,-0.3633,-0.4785,-0.4314,-0.2585,-0.3633,-0.5146,-0.3684,-0.351,-0.346,-0.3386,-0.3403,-0.4402,-0.3853,-0.373,-0.3198,-0.497,-0.335,-0.379,-0.4138,-0.3394,-0.462,-0.4019,-0.3203,-0.4307,-0.2998,-0.3892,-0.355,-0.3652,-0.3804,-0.4949,-0.4114,-0.3108,-0.4287,-0.4607,-0.389,-0.4128,-0.5225,-0.3584,-0.3877,-0.388,-0.3887,-0.3625,-0.337,-0.48,-0.35,-0.342,-0.529,-0.2888,-0.3328,-0.457,-0.372,-0.3003,-0.4888,-0.3938,-0.4795,-0.356,-0.3188,-0.3599,-0.351,-0.338,-0.5244,-0.52,-0.4993,-0.306,-0.3804,-0.3315,-0.3743,-0.3765,-0.3228,-0.5117,-0.339,-0.3047,-0.576,-0.2644,-0.3667,-0.3047,-0.3584,-0.3567,-0.492,-0.3667,-0.3315,-0.3481,-0.3674,-0.3691
1960,-0.436,-0.488,-0.3833,-0.4692,-0.4446,-0.3853,-0.426,-0.5127,-0.3582,-0.3904,-0.4023,-0.3823,-0.4468,-0.533,-0.4502,-0.4834,-0.4019,-0.468,-0.4653,-0.2869,-0.4458,-0.4724,-0.4602,-0.3796,-0.3723,-0.3765,-0.4346,-0.4795,-0.4702,-0.4238,-0.4438,-0.5205,-0.4312,-0.3672,-0.4983,-0.39,-0.4797,-0.4412,-0.411,-0.501,-0.4106,-0.4355,-0.4436,-0.4282,-0.398,-0.554,-0.4626,-0.4148,-0.426,-0.4602,-0.4346,-0.4915,-0.4934,-0.387,-0.4421,-0.494,-0.4575,-0.4243,-0.412,-0.496,-0.4539,-0.4124,-0.4988,-0.371,-0.3975,-0.4746,-0.447,-0.3408,-0.5205,-0.4585,-0.4944,-0.3977,-0.3215,-0.4014,-0.409,-0.3723,-0.486,-0.4858,-0.4668,-0.405,-0.4697,-0.4426,-0.3875,-0.3955,-0.407,-0.486,-0.3767,-0.39,-0.5493,-0.3506,-0.4414,-0.4036,-0.4834,-0.3862,-0.443,-0.3784,-0.3533,-0.377,-0.4219,-0.3953
1961,-0.3723,-0.4326,-0.3186,-0.4146,-0.4111,-0.3184,-0.408,-0.4004,-0.343,-0.3433,-0.3381,-0.342,-0.3694,-0.4373,-0.2761,-0.3936,-0.346,-0.42,-0.4136,-0.235,-0.3494,-0.4153,-0.3508,-0.3152,-0.3147,-0.3184,-0.4019,-0.4546,-0.3635,-0.3896,-0.331,-0.4175,-0.322,-0.345,-0.4292,-0.3586,-0.3882,-0.373,-0.3184,-0.3794,-0.3572,-0.3997,-0.309,-0.373,-0.4182,-0.4233,-0.3628,-0.285,-0.3674,-0.4307,-0.4146,-0.4219,-0.425,-0.3223,-0.3826,-0.4248,-0.3535,-0.3684,-0.3042,-0.402,-0.3176,-0.313,-0.447,-0.3083,-0.3308,-0.3872,-0.3674,-0.2439,-0.4204,-0.3977,-0.424,-0.3027,-0.2761,-0.3467,-0.3518,-0.2957,-0.3884,-0.4116,-0.4036,-0.3271,-0.3875,-0.3943,-0.3726,-0.3342,-0.407,-0.4038,-0.3142,-0.2986,-0.484,-0.315,-0.3706,-0.2988,-0.4177,-0.329,-0.4106,-0.3389,-0.3508,-0.3093,-0.315,-0.3394
1962,-0.4006,-0.4663,-0.355,-0.4587,-0.4043,-0.3677,-0.422,-0.4707,-0.3296,-0.3977,-0.3987,-0.3645,-0.3896,-0.481,-0.3376,-0.4573,-0.3787,-0.433,-0.477,-0.304,-0.3762,-0.4597,-0.4,-0.3713,-0.3542,-0.3718,-0.3313,-0.4985,-0.3433,-0.39,-0.3855,-0.461,-0.3584,-0.399,-0.4736,-0.378,-0.4326,-0.4285,-0.3591,-0.4434,-0.3577,-0.41,-0.3936,-0.3923,-0.411,-0.453,-0.4238,-0.3005,-0.4084,-0.4883,-0.4443,-0.458,-0.4902,-0.3787,-0.392,-0.468,-0.3755,-0.388,-0.3376,-0.4453,-0.362,-0.3577,-0.491,-0.324,-0.2996,-0.4236,-0.3914,-0.319,-0.4355,-0.4155,-0.4663,-0.338,-0.3237,-0.3865,-0.3508,-0.355,-0.433,-0.4746,-0.4258,-0.3174,-0.4539,-0.3723,-0.415,-0.3887,-0.347,-0.4583,-0.3684,-0.3435,-0.516,-0.2798,-0.3833,-0.3667,-0.4587,-0.372,-0.4375,-0.3728,-0.3904,-0.3613,-0.3396,-0.3577
1963,-0.3608,-0.4714,-0.299,-0.4233,-0.367,-0.333,-0.3723,-0.4368,-0.3499,-0.3694,-0.362,-0.313,-0.3494,-0.4678,-0.2886,-0.4248,-0.3274,-0.4236,-0.4092,-0.2522,-0.366,-0.4194,-0.3635,-0.3254,-0.3328,-0.3347,-0.338,-0.448,-0.3994,-0.3538,-0.332,-0.4297,-0.329,-0.368,-0.433,-0.3765,-0.407,-0.3696,-0.304,-0.4023,-0.3223,-0.3848,-0.3772,-0.3503,-0.4185,-0.4275,-0.412,-0.3308,-0.3777,-0.4573,-0.4812,-0.3918,-0.458,-0.3328,-0.3562,-0.438,-0.3542,-0.384,-0.322,-0.4133,-0.331,-0.3003,-0.4683,-0.3093,-0.3494,-0.4045,-0.3865,-0.2438,-0.4353,-0.3972,-0.4468,-0.2644,-0.296,-0.3281,-0.2925,-0.3384,-0.4165,-0.449,-0.4016,-0.319,-0.4343,-0.3457,-0.369,-0.324,-0.338,-0.457,-0.3252,-0.2756,-0.5024,-0.2756,-0.3733,-0.2964,-0.3936,-0.3533,-0.4265,-0.371,-0.347,-0.3137,-0.3105,-0.3462
1964,-0.6323,-0.6865,-0.5703,-0.681,-0.595,-0.579,-0.6094,-0.6997,-0.603,-0.5537,-0.566,-0.5723,-0.6123,-0.671,-0.6387,-0.677,-0.587,-0.664,-0.6704,-0.505,-0.5913,-0.6685,-0.631,-0.5366,-0.5176,-0.595,-0.576,-0.6816,-0.634,-0.592,-0.5874,-0.672,-0.6104,-0.552,-0.6694,-0.5435,-0.645,-0.6367,-0.547,-0.6675,-0.606,-0.619,-0.605,-0.593,-0.642,-0.6763,-0.6616,-0.5996,-0.6113,-0.684,-0.6484,-0.678,-0.6973,-0.544,-0.6187,-0.688,-0.6055,-0.627,-0.6123,-0.66,-0.594,-0.5957,-0.6836,-0.5654,-0.582,-0.6133,-0.6196,-0.5415,-0.6934,-0.6387,-0.6816,-0.578,-0.4895,-0.576,-0.54,-0.531,-0.6597,-0.6714,-0.6284,-0.5864,-0.6743,-0.6597,-0.5586,-0.5366,-0.5747,-0.6777,-0.535,-0.6035,-0.711,-0.526,-0.613,-0.5923,-0.684,-0.562,-0.64,-0.547,-0.5796,-0.5527,-0.608,-0.565
1965,-0.5474,-0.5786,-0.4917,-0.542,-0.5093,-0.495,-0.5156,-0.5894,-0.5225,-0.4763,-0.4927,-0.52,-0.525,-0.604,-0.5073,-0.549,-0.4695,-0.564,-0.5703,-0.4219,-0.516,-0.575,-0.525,-0.4917,-0.4858,-0.4998,-0.522,-0.555,-0.5537,-0.502,-0.476,-0.5664,-0.4978,-0.516,-0.5737,-0.505,-0.538,-0.558,-0.4915,-0.5225,-0.5005,-0.5376,-0.5186,-0.4912,-0.566,-0.551,-0.583,-0.519,-0.522,-0.5933,-0.564,-0.5566,-0.5986,-0.499,-0.5156,-0.598,-0.5327,-0.5244,-0.5234,-0.55,-0.514,-0.538,-0.6104,-0.4514,-0.4773,-0.5405,-0.5293,-0.4548,-0.5854,-0.5557,-0.5854,-0.4946,-0.425,-0.495,-0.5337,-0.4863,-0.5693,-0.5815,-0.5493,-0.5015,-0.5376,-0.5317,-0.4922,-0.504,-0.4856,-0.59,-0.4724,-0.483,-0.6343,-0.4473,-0.5137,-0.4631,-0.5635,-0.507,-0.5713,-0.496,-0.511,-0.4604,-0.4966,-0.4875
1966,-0.4595,-0.5283,-0.4148,-0.5024,-0.4746,-0.4277,-0.4863,-0.546,-0.4712,-0.4543,-0.4646,-0.4675,-0.444,-0.5435,-0.4797,-0.502,-0.4524,-0.5166,-0.484,-0.3806,-0.4744,-0.5195,-0.4392,-0.4077,-0.4187,-0.477,-0.4736,-0.5024,-0.524,-0.472,-0.4534,-0.502,-0.4727,-0.438,-0.508,-0.447,-0.487,-0.4717,-0.4185,-0.4966,-0.4697,-0.4841,-0.4648,-0.4365,-0.5405,-0.5117,-0.519,-0.4226,-0.4807,-0.5176,-0.5327,-0.475,-0.538,-0.415,-0.4705,-0.549,-0.4941,-0.483,-0.4517,-0.4783,-0.4248,-0.4453,-0.5254,-0.4106,-0.4062,-0.4797,-0.4834,-0.4402,-0.5293,-0.4985,-0.5435,-0.4592,-0.3853,-0.4426,-0.4622,-0.3992,-0.5195,-0.5303,-0.4905,-0.4321,-0.4893,-0.4385,-0.433,-0.428,-0.454,-0.527,-0.3857,-0.434,-0.56,-0.399,-0.4568,-0.4648,-0.514,-0.4304,-0.5093,-0.439,-0.4387,-0.4167,-0.483,-0.4292
1967,-0.4553,-0.4585,-0.4387,-0.47,-0.4424,-0.4292,-0.4514,-0.5093,-0.4724,-0.448,-0.4556,-0.4358,-0.4727,-0.498,-0.4229,-0.4734,-0.4653,-0.465,-0.4604,-0.388,-0.438,-0.4768,-0.4255,-0.4265,-0.442,-0.441,-0.4224,-0.4768,-0.4521,-0.4536,-0.448,-0.4766,-0.3967,-0.469,-0.4824,-0.4775,-0.4575,-0.4485,-0.3984,-0.4355,-0.4363,-0.4373,-0.4033,-0.3992,-0.499,-0.4612,-0.5063,-0.42,-0.4272,-0.497,-0.5024,-0.4338,-0.5093,-0.4336,-0.4402,-0.4846,-0.4265,-0.4316,-0.4036,-0.4644,-0.4001,-0.4116,-0.508,-0.3706,-0.4277,-0.444,-0.46,-0.4062,-0.5186,-0.4446,-0.4868,-0.3809,-0.4106,-0.4585,-0.4727,-0.43,-0.4536,-0.4688,-0.4429,-0.3901,-0.4539,-0.4263,-0.4583,-0.4448,-0.4216,-0.4832,-0.4155,-0.4224,-0.507,-0.387,-0.4382,-0.4,-0.4604,-0.444,-0.4553,-0.4238,-0.4072,-0.4512,-0.418,-0.4648
1968,-0.5103,-0.5737,-0.5137,-0.5405,-0.5063,-0.499,-0.5195,-0.5576,-0.5166,-0.507,-0.5186,-0.4438,-0.543,-0.565,-0.5146,-0.545,-0.5073,-0.5444,-0.5312,-0.4482,-0.4922,-0.5522,-0.4983,-0.501,-0.4949,-0.4578,-0.4592,-0.5396,-0.5103,-0.5083,-0.4924,-0.541,-0.521,-0.5264,-0.5386,-0.4995,-0.518,-0.492,-0.4749,-0.538,-0.5015,-0.514,-0.533,-0.472,-0.5337,-0.5063,-0.551,-0.4543,-0.492,-0.5757,-0.5317,-0.543,-0.565,-0.5083,-0.46,-0.5845,-0.4792,-0.5015,-0.533,-0.509,-0.5312,-0.4631,-0.5537,-0.4128,-0.489,-0.516,-0.515,-0.4905,-0.5576,-0.5024,-0.5566,-0.512,-0.4521,-0.504,-0.531,-0.481,-0.5176,-0.558,-0.4995,-0.5024,-0.531,-0.4565,-0.4993,-0.5034,-0.445,-0.556,-0.4856,-0.4429,-0.5796,-0.4465,-0.4963,-0.492,-0.546,-0.5034,-0.5063,-0.5166,-0.4885,-0.4824,-0.486,-0.507
1969,-0.3787,-0.3936,-0.3923,-0.407,-0.3616,-0.3772,-0.3735,-0.405,-0.388,-0.3828,-0.4023,-0.348,-0.4167,-0.421,-0.3582,-0.4094,-0.4055,-0.4072,-0.403,-0.33,-0.3503,-0.3894,-0.3674,-0.4138,-0.3965,-0.3516,-0.342,-0.3809,-0.3691,-0.3606,-0.3755,-0.3955,-0.4,-0.4102,-0.402,-0.3997,-0.364,-0.3813,-0.3215,-0.3848,-0.4155,-0.3594,-0.3577,-0.3096,-0.3914,-0.3755,-0.4016,-0.3914,-0.3303,-0.4202,-0.3916,-0.3909,-0.429,-0.421,-0.3335,-0.4326,-0.3782,-0.339,-0.3503,-0.3596,-0.3972,-0.384,-0.4116,-0.2467,-0.3938,-0.3489,-0.374,-0.3289,-0.4126,-0.3635,-0.411,-0.3796,-0.3413,-0.4116,-0.377,-0.3608,-0.394,-0.3953,-0.3667,-0.3608,-0.3564,-0.3938,-0.375,-0.3918,-0.3245,-0.4053,-0.3794,-0.3127,-0.4434,-0.2852,-0.3328,-0.3806,-0.4094,-0.4104,-0.373,-0.372,-0.335,-0.3696,-0.3477,-0.4014
1970,-0.4265,-0.442,-0.4336,-0.4404,-0.3909,-0.4172,-0.4119,-0.4624,-0.4634,-0.4307,-0.4316,-0.4062,-0.4546,-0.4883,-0.355,-0.4565,-0.4373,-0.4158,-0.4336,-0.3765,-0.393,-0.445,-0.4133,-0.4333,-0.4258,-0.3843,-0.4043,-0.4475,-0.4548,-0.3914,-0.3909,-0.4329,-0.4075,-0.4463,-0.4436,-0.4485,-0.422,-0.409,-0.3682,-0.4114,-0.3635,-0.4045,-0.3882,-0.359,-0.4297,-0.421,-0.4514,-0.3877,-0.423,-0.4526,-0.4487,-0.4336,-0.5005,-0.4404,-0.397,-0.4326,-0.4087,-0.3748,-0.4053,-0.4287,-0.4163,-0.3687,-0.4521,-0.3386,-0.3982,-0.3953,-0.4116,-0.3337,-0.447,-0.412,-0.437,-0.3613,-0.388,-0.4246,-0.4065,-0.4324,-0.4497,-0.4382,-0.442,-0.4006,-0.4602,-0.3975,-0.4475,-0.421,-0.376,-0.455,-0.423,-0.3943,-0.4668,-0.3713,-0.3787,-0.3801,-0.4487,-0.4475,-0.4226,-0.422,-0.374,-0.4453,-0.4165,-0.448
1971,-0.5703,-0.562,-0.582,-0.575,-0.5044,-0.5317,-0.52,-0.553,-0.589,-0.5547,-0.5513,-0.5024,-0.5938,-0.551,-0.4934,-0.557,-0.563,-0.5225,-0.559,-0.528,-0.491,-0.5366,-0.5234,-0.5713,-0.5596,-0.513,-0.4985,-0.5522,-0.5986,-0.4944,-0.563,-0.5454,-0.4954,-0.568,-0.561,-0.568,-0.5234,-0.5444,-0.4841,-0.51,-0.525,-0.527,-0.5317,-0.478,-0.5337,-0.525,-0.565,-0.479,-0.5146,-0.5723,-0.5254,-0.5474,-0.569,-0.5786,-0.529,-0.563,-0.5527,-0.4912,-0.526,-0.5205,-0.5044,-0.4958,-0.54,-0.4849,-0.4934,-0.5,-0.5244,-0.4968,-0.577,-0.516,-0.558,-0.4934,-0.5186,-0.5464,-0.5474,-0.5684,-0.5215,-0.5464,-0.5347,-0.521,-0.5547,-0.518,-0.55,-0.548,-0.5186,-0.5303,-0.532,-0.4739,-0.584,-0.5244,-0.5103,-0.5415,-0.567,-0.5493,-0.5405,-0.5435,-0.4873,-0.5356,-0.534,-0.5913
1972,-0.442,-0.4482,-0.4565,-0.4592,-0.4058,-0.4077,-0.4375,-0.4414,-0.5166,-0.4392,-0.4285,-0.432,-0.4622,-0.459,-0.4114,-0.4443,-0.419,-0.44,-0.449,-0.416,-0.388,-0.4282,-0.4326,-0.434,-0.4336,-0.3713,-0.4075,-0.4597,-0.4897,-0.4204,-0.391,-0.4482,-0.392,-0.4382,-0.4531,-0.4226,-0.4026,-0.4304,-0.3909,-0.4036,-0.4333,-0.4402,-0.38,-0.3901,-0.4377,-0.4211,-0.4492,-0.3516,-0.4116,-0.4646,-0.4136,-0.4158,-0.4753,-0.4414,-0.3726,-0.4604,-0.462,-0.3762,-0.3599,-0.4143,-0.3904,-0.377,-0.456,-0.3394,-0.3774,-0.4067,-0.4062,-0.3838,-0.4856,-0.4146,-0.4597,-0.3723,-0.3916,-0.4226,-0.4126,-0.4307,-0.4353,-0.4392,-0.4292,-0.398,-0.4216,-0.3857,-0.4407,-0.411,-0.377,-0.4602,-0.4202,-0.4036,-0.4917,-0.418,-0.3645,-0.3499,-0.4543,-0.415,-0.4277,-0.4082,-0.399,-0.4128,-0.387,-0.4263
1973,-0.284,-0.3162,-0.3035,-0.3376,-0.2542,-0.266,-0.272,-0.3152,-0.3457,-0.314,-0.3313,-0.2815,-0.3057,-0.3352,-0.2656,-0.3394,-0.291,-0.2966,-0.32,-0.304,-0.2373,-0.3044,-0.2708,-0.31,-0.31,-0.278,-0.25,-0.3354,-0.3257,-0.2524,-0.2883,-0.3145,-0.2795,-0.317,-0.3105,-0.3318,-0.2754,-0.295,-0.2698,-0.2725,-0.2683,-0.2646,-0.3032,-0.2328,-0.2969,-0.3105,-0.306,-0.2502,-0.2937,-0.335,-0.264,-0.2798,-0.3328,-0.3171,-0.253,-0.3066,-0.3037,-0.2335,-0.3057,-0.2898,-0.2793,-0.2703,-0.315,-0.2292,-0.2476,-0.2854,-0.2703,-0.2678,-0.3354,-0.267,-0.3213,-0.254,-0.2837,-0.2961,-0.2935,-0.2834,-0.3264,-0.3179,-0.3142,-0.258,-0.3254,-0.2717,-0.327,-0.2937,-0.2593,-0.3193,-0.2803,-0.2615,-0.3633,-0.273,-0.2357,-0.2715,-0.3286,-0.3152,-0.3035,-0.288,-0.2172,-0.3152,-0.2615,-0.2864
1974,-0.549,-0.552,-0.568,-0.549,-0.5,-0.506,-0.5244,-0.5386,-0.5874,-0.4924,-0.5347,-0.526,-0.5693,-0.583,-0.4705,-0.526,-0.541,-0.495,-0.5093,-0.5234,-0.4744,-0.52,-0.502,-0.524,-0.5225,-0.4836,-0.458,-0.511,-0.5557,-0.4768,-0.514,-0.524,-0.427,-0.536,-0.519,-0.548,-0.4993,-0.4993,-0.4934,-0.4875,-0.4763,-0.5195,-0.471,-0.488,-0.553,-0.5293,-0.516,-0.4893,-0.4978,-0.5327,-0.5063,-0.5015,-0.5625,-0.5312,-0.4836,-0.5034,-0.5396,-0.4927,-0.492,-0.5024,-0.5107,-0.499,-0.542,-0.4636,-0.52,-0.525,-0.4941,-0.4504,-0.5254,-0.522,-0.546,-0.472,-0.509,-0.518,-0.4954,-0.534,-0.5283,-0.518,-0.5503,-0.503,-0.5156,-0.537,-0.525,-0.514,-0.4844,-0.5435,-0.517,-0.4712,-0.575,-0.4915,-0.4849,-0.4717,-0.5093,-0.553,-0.5415,-0.547,-0.506,-0.5317,-0.4539,-0.4983
1975,-0.4634,-0.4548,-0.4824,-0.4844,-0.435,-0.4373,-0.4553,-0.4785,-0.4834,-0.4119,-0.4397,-0.4678,-0.4822,-0.4824,-0.4087,-0.4377,-0.4524,-0.461,-0.449,-0.4604,-0.4075,-0.4387,-0.4663,-0.4473,-0.4307,-0.4578,-0.4006,-0.4414,-0.5024,-0.4312,-0.4805,-0.451,-0.44,-0.439,-0.4407,-0.4348,-0.4534,-0.4443,-0.412,-0.4102,-0.4482,-0.4387,-0.427,-0.419,-0.4805,-0.4373,-0.467,-0.4377,-0.4434,-0.449,-0.4666,-0.4756,-0.482,-0.4543,-0.429,-0.458,-0.4797,-0.4268,-0.5044,-0.4368,-0.4722,-0.4424,-0.4634,-0.4397,-0.4404,-0.4329,-0.4343,-0.47,-0.4797,-0.4434,-0.4722,-0.433,-0.4265,-0.4321,-0.476,-0.4578,-0.4602,-0.4587,-0.4546,-0.4534,-0.4336,-0.4595,-0.441,-0.431,-0.4583,-0.4526,-0.4553,-0.4304,-0.4917,-0.428,-0.4275,-0.4744,-0.438,-0.4434,-0.4526,-0.4373,-0.4216,-0.4568,-0.4385,-0.4338
1976,-0.5586,-0.5425,-0.577,-0.539,-0.483,-0.5337,-0.512,-0.5825,-0.5283,-0.5034,-0.518,-0.5,-0.5757,-0.5923,-0.548,-0.522,-0.524,-0.5386,-0.5674,-0.509,-0.465,-0.5576,-0.543,-0.5146,-0.5015,-0.5635,-0.4233,-0.595,-0.546,-0.4702,-0.588,-0.5474,-0.5547,-0.5205,-0.5483,-0.4958,-0.5386,-0.5737,-0.538,-0.52,-0.565,-0.4883,-0.559,-0.4836,-0.517,-0.5415,-0.559,-0.5034,-0.5464,-0.5547,-0.5137,-0.552,-0.5854,-0.5215,-0.4958,-0.536,-0.5576,-0.4875,-0.579,-0.544,-0.5625,-0.566,-0.579,-0.523,-0.5366,-0.527,-0.4905,-0.5327,-0.5576,-0.526,-0.539,-0.5703,-0.4944,-0.5107,-0.5703,-0.505,-0.5605,-0.549,-0.5684,-0.531,-0.5566,-0.5737,-0.5635,-0.533,-0.5273,-0.562,-0.507,-0.557,-0.5913,-0.4758,-0.4783,-0.55,-0.5264,-0.525,-0.5757,-0.5044,-0.4612,-0.522,-0.5366,-0.5054
1977,-0.2477,-0.2292,-0.2583,-0.2217,-0.253,-0.2401,-0.246,-0.2505,-0.2422,-0.2231,-0.2343,-0.286,-0.2666,-0.2405,-0.2393,-0.2338,-0.241,-0.2438,-0.2054,-0.2312,-0.2314,-0.2242,-0.2432,-0.2374,-0.2096,-0.2319,-0.2194,-0.2167,-0.2795,-0.2355,-0.2418,-0.2195,-0.2527,-0.2515,-0.2312,-0.2389,-0.2299,-0.2173,-0.2069,-0.2007,-0.259,-0.2411,-0.2455,-0.2427,-0.2086,-0.2195,-0.2441,-0.1991,-0.2246,-0.2346,-0.2385,-0.2322,-0.253,-0.2446,-0.2362,-0.2133,-0.2432,-0.2142,-0.2441,-0.222,-0.2756,-0.2058,-0.2407,-0.26,-0.2317,-0.2139,-0.2389,-0.2064,-0.2485,-0.2551,-0.2413,-0.2423,-0.2405,-0.2502,-0.2534,-0.2556,-0.2251,-0.2297,-0.2556,-0.2664,-0.2163,-0.206,-0.2428,-0.2347,-0.2637,-0.2349,-0.2404,-0.2242,-0.2522,-0.198,-0.2272,-0.2385,-0.1958,-0.2153,-0.2495,-0.2383,-0.2318,-0.2268,-0.2502,-0.2267
1978,-0.3464,-0.3542,-0.3567,-0.3567,-0.3374,-0.3354,-0.347,-0.3591,-0.3464,-0.3457,-0.3518,-0.3687,-0.3647,-0.355,-0.3096,-0.368,-0.3235,-0.3547,-0.33,-0.3403,-0.3296,-0.3433,-0.3074,-0.3188,-0.3354,-0.3525,-0.3208,-0.351,-0.3738,-0.3054,-0.366,-0.344,-0.2966,-0.3318,-0.3665,-0.3088,-0.3352,-0.3157,-0.2979,-0.3423,-0.3088,-0.3318,-0.3276,-0.3345,-0.3276,-0.3425,-0.3503,-0.3574,-0.3406,-0.3462,-0.3657,-0.3464,-0.3657,-0.3262,-0.3232,-0.3167,-0.3535,-0.3171,-0.3025,-0.3352,-0.3328,-0.307,-0.3608,-0.369,-0.3308,-0.3196,-0.3274,-0.3137,-0.362,-0.3545,-0.3494,-0.3462,-0.2844,-0.3254,-0.3335,-0.3452,-0.3552,-0.329,-0.3662,-0.3262,-0.3435,-0.336,-0.346,-0.318,-0.3706,-0.3496,-0.3088,-0.338,-0.3823,-0.3123,-0.3193,-0.3225,-0.333,-0.326,-0.3457,-0.3325,-0.331,-0.339,-0.3396,-0.32
1979,-0.2384,-0.2842,-0.2441,-0.2708,-0.23,-0.2487,-0.2332,-0.245,-0.2477,-0.2358,-0.2366,-0.285,-0.2496,-0.2546,-0.2363,-0.2825,-0.2106,-0.2615,-0.2688,-0.2365,-0.238,-0.2152,-0.2301,-0.2207,-0.2361,-0.2803,-0.243,-0.2732,-0.2822,-0.1895,-0.2517,-0.2289,-0.241,-0.2003,-0.2603,-0.222,-0.2356,-0.2467,-0.2673,-0.2152,-0.2554,-0.2177,-0.2316,-0.225,-0.2484,-0.2297,-0.2668,-0.2805,-0.2119,-0.2515,-0.2822,-0.2517,-0.2542,-0.2279,-0.2358,-0.264,-0.2394,-0.2255,-0.294,-0.2424,-0.2676,-0.2507,-0.2256,-0.3005,-0.274,-0.2169,-0.2391,-0.2612,-0.2683,-0.2617,-0.2311,-0.2593,-0.2157,-0.205,-0.2462,-0.2352,-0.2428,-0.2349,-0.2291,-0.2654,-0.2473,-0.2612,-0.2328,-0.2212,-0.3003,-0.2688,-0.2058,-0.2354,-0.2627,-0.256,-0.2308,-0.2576,-0.2483,-0.2344,-0.2615,-0.2273,-0.2032,-0.2351,-0.2462,-0.2206
1980,-0.1957,-0.163,-0.2051,-0.1729,-0.1825,-0.1439,-0.1525,-0.1487,-0.1954,-0.1731,-0.1818,-0.2372,-0.2104,-0.1526,-0.1298,-0.1748,-0.1666,-0.1478,-0.1453,-0.1475,-0.1296,-0.1395,-0.1312,-0.1473,-0.1631,-0.1377,-0.1854,-0.1521,-0.1886,-0.1445,-0.1426,-0.11774,-0.1292,-0.1454,-0.1436,-0.1365,-0.1287,-0.1392,-0.11993,-0.1648,-0.1323,-0.1495,-0.1321,-0.1603,-0.1676,-0.1489,-0.1381,-0.1274,-0.1254,-0.1427,-0.1997,-0.137,-0.1558,-0.1545,-0.1655,-0.1409,-0.1011,-0.104,-0.1494,-0.1343,-0.1342,-0.09955,-0.1407,-0.2441,-0.1553,-0.1217,-0.1344,-0.1302,-0.1418,-0.1625,-0.1355,-0.1539,-0.1329,-0.1653,-0.1517,-0.1486,-0.1345,-0.1081,-0.1431,-0.1426,-0.1434,-0.1395,-0.1659,-0.145,-0.2355,-0.1365,-0.1437,-0.11597,-0.142,-0.1797,-0.1443,-0.10425,-0.1094,-0.1356,-0.1427,-0.161,-0.151,-0.1197,-0.1453,-0.1582
1981,-0.1373,-0.1097,-0.1477,-0.1159,-0.1205,-0.1592,-0.0761,-0.1064,-0.1036,-0.155,-0.1536,-0.1814,-0.1487,-0.1266,-0.1268,-0.0916,-0.1504,-0.10345,-0.0917,-0.16,-0.0862,-0.0917,-0.115,-0.142,-0.157,-0.12164,-0.10785,-0.1046,-0.1261,-0.0877,-0.11273,-0.07196,-0.129,-0.1523,-0.09644,-0.1504,-0.0799,-0.08215,-0.08624,-0.094,-0.12115,-0.08545,-0.0813,-0.0913,-0.0801,-0.097,-0.089,-0.1113,-0.0872,-0.1044,-0.1236,-0.10144,-0.1327,-0.1492,-0.08826,-0.09076,-0.1355,-0.06027,-0.0903,-0.09644,-0.133,-0.10095,-0.0928,-0.1381,-0.0778,-0.0646,-0.08734,-0.1102,-0.0919,-0.1328,-0.0809,-0.1416,-0.1643,-0.1447,-0.1329,-0.1531,-0.0969,-0.0949,-0.1032,-0.11334,-0.06995,-0.09515,-0.1636,-0.1833,-0.1261,-0.123,-0.1765,-0.1224,-0.1252,-0.1082,-0.0887,-0.1028,-0.0949,-0.1608,-0.1276,-0.1525,-0.0811,-0.1456,-0.1121,-0.1421
1982,-0.2795,-0.3308,-0.2917,-0.303,-0.2793,-0.292,-0.2627,-0.3582,-0.2482,-0.2466,-0.2878,-0.3433,-0.2896,-0.3438,-0.3308,-0.3293,-0.2822,-0.339,-0.3345,-0.2756,-0.2659,-0.3254,-0.3228,-0.2786,-0.2715,-0.365,-0.2886,-0.316,-0.2927,-0.2634,-0.3203,-0.3223,-0.3486,-0.279,-0.349,-0.2915,-0.332,-0.3281,-0.358,-0.3213,-0.3386,-0.2491,-0.3267,-0.2515,-0.3066,-0.3132,-0.3367,-0.3115,-0.3257,-0.3218,-0.3098,-0.301,-0.3225,-0.2856,-0.2595,-0.296,-0.363,-0.2512,-0.3804,-0.326,-0.3308,-0.3376,-0.3408,-0.3013,-0.3357,-0.3186,-0.2615,-0.3347,-0.3362,-0.2983,-0.3313,-0.3167,-0.2588,-0.268,-0.3245,-0.2656,-0.3083,-0.3308,-0.3135,-0.3176,-0.3245,-0.3423,-0.283,-0.2776,-0.3142,-0.3293,-0.2869,-0.326,-0.3276,-0.2605,-0.255,-0.3374,-0.3145,-0.279,-0.3167,-0.2808,-0.2424,-0.2568,-0.305,-0.2284
1983,-0.0996,-0.1298,-0.1112,-0.1265,-0.11755,-0.104,-0.097,-0.11926,-0.10486,-0.09735,-0.1288,-0.1912,-0.11084,-0.131,-0.1254,-0.1526,-0.1321,-0.12274,-0.1193,-0.09595,-0.1014,-0.1092,-0.1328,-0.1257,-0.1242,-0.1473,-0.11914,-0.1322,-0.12305,-0.11005,-0.1914,-0.105,-0.1428,-0.1046,-0.1273,-0.10956,-0.1079,-0.10095,-0.1635,-0.1116,-0.1432,-0.0829,-0.0779,-0.09784,-0.131,-0.1266,-0.1155,-0.156,-0.10004,-0.122,-0.1382,-0.0968,-0.1414,-0.133,-0.07904,-0.1444,-0.1405,-0.07,-0.1533,-0.10205,-0.1677,-0.12256,-0.1242,-0.128,-0.1863,-0.0986,-0.08484,-0.1305,-0.1147,-0.138,-0.1144,-0.142,-0.1232,-0.1417,-0.1633,-0.11914,-0.1236,-0.1029,-0.1299,-0.1343,-0.1114,-0.1421,-0.12354,-0.1103,-0.12036,-0.1486,-0.1327,-0.1522,-0.1411,-0.09656,-0.0848,-0.132,-0.1285,-0.1001,-0.1367,-0.1061,-0.09955,-0.1506,-0.135,-0.1206
1984,-0.316,-0.3035,-0.3252,-0.3088,-0.2698,-0.2734,-0.2551,-0.2903,-0.328,-0.2734,-0.2812,-0.319,-0.3252,-0.2756,-0.287,-0.3083,-0.2932,-0.2683,-0.2844,-0.2937,-0.24,-0.2825,-0.301,-0.2715,-0.279,-0.3281,-0.2864,-0.321,-0.286,-0.2311,-0.2983,-0.3127,-0.2986,-0.2896,-0.2922,-0.297,-0.2993,-0.274,-0.302,-0.2751,-0.3005,-0.2496,-0.28,-0.2573,-0.313,-0.2825,-0.293,-0.2925,-0.2969,-0.307,-0.3142,-0.2986,-0.2966,-0.2786,-0.3005,-0.2998,-0.316,-0.2285,-0.3123,-0.2869,-0.31,-0.3235,-0.3032,-0.3296,-0.285,-0.2815,-0.239,-0.3262,-0.2898,-0.2825,-0.2937,-0.286,-0.2815,-0.2966,-0.315,-0.2534,-0.2732,-0.2805,-0.2693,-0.2878,-0.278,-0.279,-0.3118,-0.2656,-0.3171,-0.2825,-0.293,-0.2842,-0.2932,-0.2878,-0.2498,-0.3372,-0.3264,-0.3096,-0.2935,-0.28,-0.261,-0.2905,-0.3208,-0.2593
1985,-0.3252,-0.3245,-0.3357,-0.3093,-0.291,-0.3018,-0.2927,-0.2537,-0.3171,-0.2954,-0.3096,-0.276,-0.3333,-0.2583,-0.3372,-0.2896,-0.2935,-0.2595,-0.314,-0.2922,-0.2756,-0.2445,-0.3057,-0.3086,-0.2952,-0.371,-0.2998,-0.2856,-0.2947,-0.2659,-0.3457,-0.2434,-0.3271,-0.2786,-0.3333,-0.2961,-0.257,-0.2993,-0.3196,-0.2281,-0.3608,-0.2942,-0.2986,-0.294,-0.3296,-0.2502,-0.2793,-0.3342,-0.2417,-0.2903,-0.3018,-0.2961,-0.2546,-0.3157,-0.322,-0.2966,-0.3118,-0.2776,-0.3252,-0.2458,-0.3396,-0.3186,-0.2617,-0.3333,-0.334,-0.2522,-0.2866,-0.3506,-0.2795,-0.291,-0.2566,-0.368,-0.296,-0.2905,-0.3408,-0.2815,-0.2281,-0.2454,-0.2487,-0.3262,-0.311,-0.304,-0.285,-0.307,-0.3083,-0.2761,-0.3096,-0.3347,-0.2734,-0.3025,-0.302,-0.334,-0.3127,-0.2917,-0.2773,-0.305,-0.27,-0.3086,-0.3218,-0.2922
1986,-0.2461,-0.2654,-0.2578,-0.2404,-0.2362,-0.1948,-0.2468,-0.1898,-0.2537,-0.205,-0.2266,-0.2288,-0.253,-0.1854,-0.25,-0.2664,-0.24,-0.2003,-0.2659,-0.2173,-0.223,-0.2009,-0.253,-0.2139,-0.2228,-0.2883,-0.2286,-0.2428,-0.2408,-0.2163,-0.2389,-0.1844,-0.254,-0.2385,-0.2847,-0.2196,-0.1962,-0.2617,-0.2107,-0.1997,-0.2751,-0.2355,-0.2637,-0.2351,-0.2369,-0.1959,-0.2292,-0.2146,-0.2161,-0.2756,-0.237,-0.2556,-0.2032,-0.2211,-0.2474,-0.2378,-0.2522,-0.2112,-0.2305,-0.1989,-0.2793,-0.2385,-0.2136,-0.2615,-0.265,-0.186,-0.2179,-0.241,-0.2369,-0.2119,-0.2068,-0.26,-0.2229,-0.2281,-0.2837,-0.2318,-0.1893,-0.1956,-0.2042,-0.289,-0.2395,-0.2537,-0.2169,-0.2307,-0.232,-0.2089,-0.2246,-0.2532,-0.1925,-0.2507,-0.2349,-0.2482,-0.2439,-0.216,-0.2288,-0.2229,-0.231,-0.1951,-0.2474,-0.2126
1987,-0.0945,-0.11237,-0.1085,-0.1398,-0.10815,-0.0672,-0.1194,-0.0879,-0.10846,-0.0718,-0.07275,-0.0902,-0.1008,-0.0632,-0.07825,-0.094,-0.06024,-0.06775,-0.1003,-0.05045,-0.11194,-0.08466,-0.09393,-0.05017,-0.0955,-0.06433,-0.10815,-0.1302,-0.10986,-0.1093,-0.08624,-0.0862,-0.07404,-0.0756,-0.1107,-0.07294,-0.07684,-0.0884,-0.07745,-0.0841,-0.09717,-0.10986,-0.10974,-0.1034,-0.1274,-0.0726,-0.1139,-0.0955,-0.1037,-0.1249,-0.1128,-0.11633,-0.07245,-0.0574,-0.1144,-0.1079,-0.09235,-0.0974,-0.0895,-0.08014,-0.1242,-0.11664,-0.1044,-0.11993,-0.0746,-0.07336,-0.1054,-0.0636,-0.11017,-0.09595,-0.0894,-0.0784,-0.0642,-0.0625,-0.09656,-0.06415,-0.0692,-0.08374,-0.0808,-0.10126,-0.1205,-0.06036,-0.0916,-0.02968,-0.10016,-0.0938,-0.0633,-0.09357,-0.089,-0.11414,-0.10516,-0.095,-0.137,-0.079,-0.09216,-0.05984,-0.1108,-0.0752,-0.08527,-0.0687
1988,-0.072,-0.0854,-0.08777,-0.0672,-0.04028,-0.0606,-0.04993,-0.0638,-0.0803,-0.04736,-0.07025,-0.06506,-0.08105,-0.0649,-0.005775,-0.06052,-0.07886,-0.05432,-0.07117,-0.06995,-0.04007,-0.04037,-0.05682,-0.05847,-0.0629,-0.02444,-0.08496,-0.067,-0.0576,-0.02243,-0.01704,-0.066,-0.02953,-0.0503,-0.07367,-0.0889,-0.0567,-0.06195,-0.003752,-0.04108,-0.002478,-0.03137,-0.05087,-0.03023,-0.0685,-0.0623,-0.0704,-0.04572,-0.04572,-0.05823,-0.0755,-0.08905,-0.0687,-0.0657,-0.0845,-0.07935,-0.03296,-0.03754,-0.05856,-0.06177,0.01209,-0.03323,-0.0774,-0.0836,-0.04642,-0.0539,-0.04962,-0.0544,-0.0723,-0.05545,-0.06866,-0.0378,-0.0713,-0.072,-0.01188,-0.04276,-0.0666,-0.0542,-0.0658,-0.003563,-0.06396,-0.06964,-0.0686,-0.05707,-0.05273,-0.0803,-0.0598,-0.03888,-0.0841,-0.08594,-0.05884,-0.02867,-0.08936,-0.02829,-0.06366,-0.06946,-0.03183,-0.05988,-0.0348,-0.05573
1989,-0.154,-0.2034,-0.1675,-0.1775,-0.1571,-0.1592,-0.1759,-0.1427,-0.1774,-0.1705,-0.1532,-0.1512,-0.164,-0.158,-0.1194,-0.1742,-0.1771,-0.168,-0.2052,-0.1455,-0.1588,-0.1384,-0.1583,-0.1642,-0.1528,-0.10315,-0.1565,-0.1664,-0.1392,-0.1555,-0.137,-0.1505,-0.09,-0.1482,-0.1798,-0.1764,-0.1531,-0.1853,-0.1283,-0.148,-0.158,-0.155,-0.1666,-0.1499,-0.19,-0.1661,-0.1726,-0.0966,-0.1442,-0.169,-0.1678,-0.166,-0.1427,-0.1714,-0.1819,-0.1946,-0.11194,-0.1595,-0.1782,-0.1604,-0.1687,-0.1547,-0.1691,-0.173,-0.1567,-0.1469,-0.1659,-0.1235,-0.1779,-0.154,-0.1643,-0.1538,-0.1451,-0.141,-0.1239,-0.1483,-0.1646,-0.1458,-0.1562,-0.1445,-0.1942,-0.1278,-0.1561,-0.1362,-0.1624,-0.159,-0.1597,-0.1627,-0.1652,-0.1989,-0.1659,-0.1061,-0.1808,-0.1296,-0.1537,-0.1737,-0.1448,-0.1685,-0.1271,-0.1659
1990,0.02467,0.00867,0.012085,0.02138,-0.004894,-0.0252,-0.01113,0.04913,-0.02124,-0.00905,-0.02623,0.00552,0.01414,0.0445,0.04102,0.002691,0.00895,0.05026,0.01371,0.00804,-0.01188,0.02492,0.006184,0.004333,0.013374,0.06204,0.01866,-0.010376,0.03302,-0.005135,0.04214,0.01814,0.0474,-0.0093,-0.02768,-0.01314,0.01868,0.02904,0.02785,0.01773,0.0644,-0.00807,0.006527,-0.001323,-0.01976,0.02312,0.01553,0.0511,0.0279,0.002958,0.0077,0.02658,0.03085,-0.002901,-0.02206,0.0158,0.04562,0.00717,0.05994,0.03314,0.0427,0.06854,0.01312,0.002796,0.0485,0.0354,-0.001818,0.06,0.0302,-0.008736,0.04422,0.0499,-0.0112,-0.012405,0.012726,0.001049,0.026,0.03497,0.03882,0.05624,-0.0224,0.02126,-0.03102,-0.01167,0.010254,0.0233,-0.02052,0.0794,0.0369,-0.03195,-0.007183,0.01762,0.0253,-0.00699,0.01704,0.00185,0.0002775,-0.01008,0.0397,-0.02693
1991,-0.02342,0.00188,-0.03406,-0.004444,-0.0387,-0.0318,-0.02882,0.02402,-0.05646,-0.01075,-0.00904,-0.00118,-0.03275,-0.0147,0.005924,0.00251,0.000749,-0.001425,0.00251,-0.01886,-0.01848,-0.001885,-0.002918,-0.01846,-0.009926,0.02156,-0.05484,-0.00542,-0.01997,-0.03534,0.001151,0.001244,0.08215,0.0164,-0.01797,-0.02354,0.005283,0.00734,0.02925,-0.0006766,0.06073,-0.04108,-0.02467,-0.03653,-0.04745,-0.01078,-0.00867,0.007576,0.00869,0.03387,-0.0275,0.00719,-0.004944,-0.0257,-0.07117,-0.00192,0.01203,-0.02983,0.03372,0.01883,0.02129,0.06036,-0.00788,-0.0539,0.0556,0.00351,-0.03693,0.0132,-0.014,-0.04065,-0.003286,0.02458,0.0186,-0.0454,0.05112,-0.02975,0.005997,0.005688,0.006107,0.001237,0.012596,0.03625,-0.02933,-0.04507,-0.02734,-0.0186,-0.02232,0.03973,-0.01521,-0.05374,-0.04758,0.02333,-0.01941,-0.0352,-0.00336,-0.00665,-0.02942,-0.0464,0.0626,-0.02454
1992,-0.1974,-0.2454,-0.2056,-0.2397,-0.225,-0.1796,-0.2196,-0.1981,-0.2048,-0.2046,-0.1705,-0.1885,-0.206,-0.2278,-0.2496,-0.226,-0.1777,-0.2012,-0.2333,-0.1776,-0.221,-0.2109,-0.2473,-0.1858,-0.1835,-0.2217,-0.2166,-0.1979,-0.2148,-0.2288,-0.245,-0.215,-0.2861,-0.17,-0.2059,-0.1748,-0.2052,-0.233,-0.2703,-0.2296,-0.2368,-0.2166,-0.219,-0.214,-0.23,-0.2208,-0.2263,-0.2385,-0.2145,-0.2021,-0.1865,-0.2148,-0.2225,-0.193,-0.2312,-0.2288,-0.252,-0.2092,-0.2404,-0.217,-0.2324,-0.2874,-0.2122,-0.2194,-0.2297,-0.2136,-0.2112,-0.2397,-0.2043,-0.2223,-0.192,-0.269,-0.1946,-0.1868,-0.2556,-0.1688,-0.2137,-0.2034,-0.2087,-0.242,-0.1832,-0.2483,-0.1775,-0.1962,-0.2216,-0.2186,-0.2107,-0.2869,-0.2213,-0.2396,-0.2125,-0.2339,-0.2297,-0.1921,-0.2062,-0.2001,-0.2006,-0.1727,-0.2559,-0.1615
1993,-0.1383,-0.1514,-0.1456,-0.1675,-0.1897,-0.1682,-0.1815,-0.1797,-0.1488,-0.1615,-0.167,-0.1262,-0.1459,-0.2091,-0.2142,-0.1588,-0.1265,-0.1879,-0.1578,-0.173,-0.1912,-0.1832,-0.1892,-0.1658,-0.1484,-0.1976,-0.155,-0.1278,-0.1743,-0.1921,-0.1941,-0.1804,-0.208,-0.1562,-0.1616,-0.1658,-0.187,-0.1759,-0.232,-0.207,-0.2153,-0.1849,-0.1902,-0.1691,-0.1665,-0.2086,-0.1815,-0.2234,-0.1688,-0.152,-0.1522,-0.163,-0.1932,-0.173,-0.1725,-0.1439,-0.2224,-0.1799,-0.1741,-0.1902,-0.167,-0.1487,-0.1797,-0.1469,-0.2087,-0.1926,-0.181,-0.1978,-0.18,-0.1904,-0.1804,-0.2153,-0.1735,-0.1661,-0.2258,-0.1841,-0.2004,-0.1781,-0.1855,-0.2125,-0.1395,-0.1552,-0.1464,-0.1693,-0.1724,-0.1674,-0.1722,-0.2174,-0.1897,-0.1672,-0.1823,-0.1863,-0.1725,-0.1619,-0.1776,-0.15,-0.1561,-0.1365,-0.2264,-0.1324
1994,-0.0735,-0.0888,-0.07776,-0.10504,-0.1342,-0.1249,-0.1257,-0.1001,-0.09357,-0.1313,-0.1032,-0.07806,-0.0764,-0.1156,-0.145,-0.08997,-0.1287,-0.09204,-0.10956,-0.0942,-0.12085,-0.1119,-0.10724,-0.11194,-0.11304,-0.1283,-0.08765,-0.10913,-0.08655,-0.1356,-0.12195,-0.1028,-0.111,-0.0983,-0.10724,-0.111,-0.0996,-0.10876,-0.1274,-0.1147,-0.1194,-0.1278,-0.0917,-0.1203,-0.08984,-0.12366,-0.1111,-0.10034,-0.0893,-0.10297,-0.0753,-0.1112,-0.12054,-0.1192,-0.1075,-0.10535,-0.1282,-0.1215,-0.1092,-0.10626,-0.1302,-0.11816,-0.1095,-0.0862,-0.1625,-0.1085,-0.11914,-0.1252,-0.1143,-0.12415,-0.0924,-0.1089,-0.0963,-0.0887,-0.0997,-0.1278,-0.1403,-0.1101,-0.1306,-0.1519,-0.09607,-0.1388,-0.1137,-0.1,-0.0914,-0.0838,-0.1046,-0.1186,-0.1096,-0.11743,-0.1272,-0.125,-0.1005,-0.105,-0.0912,-0.0803,-0.11884,-0.0856,-0.1523,-0.08746
1995,0.05984,0.1077,0.05432,0.0652,0.0236,0.001698,0.03726,0.03113,0.04245,0.02225,0.006664,0.05203,0.0571,-0.0031,0.004623,0.04764,0.03604,0.01457,0.06158,0.02254,0.02882,0.02402,0.02698,0.00233,0.02408,0.03964,0.03775,0.07263,0.05484,0.01917,0.02525,0.01614,0.01528,0.0074,0.03934,0.02036,0.012184,0.04733,0.03595,-0.006676,0.01732,0.03174,0.03702,0.0406,0.05594,0.02432,0.01793,0.011375,0.02849,0.032,0.0551,0.05725,0.01136,-0.0049,0.04663,0.04892,0.01683,0.0345,0.04013,0.01203,-0.00551,0.03607,0.02753,0.054,0.0203,-0.00989,0.03238,0.006397,0.013405,0.03595,0.02461,0.01628,0.041,0.02979,0.007324,0.05685,0.01009,0.03278,0.03021,-0.0007634,0.0644,0.00365,0.03058,0.01932,0.06396,0.06158,0.01138,0.006325,0.02629,0.03735,0.02422,0.0008235,0.05493,0.01421,0.02563,0.07513,0.02908,0.02412,0.02051,0.02237
1996,-0.1089,-0.0645,-0.06256,-0.0718,-0.098,-0.0713,-0.08685,-0.08655,-0.07745,-0.071,-0.05685,-0.0536,-0.03854,-0.1273,-0.04898,-0.0576,-0.05945,-0.05475,-0.0463,-0.05258,-0.04745,-0.1051,-0.05835,-0.0498,-0.0819,-0.03983,-0.05167,-0.05063,-0.0695,-0.0794,-0.07855,-0.088,-0.07556,-0.1119,-0.1082,-0.0939,-0.0547,-0.095,-0.04242,-0.1048,-0.0982,-0.05304,-0.0949,-0.0554,-0.06384,-0.10785,-0.05066,-0.0508,-0.11084,-0.0859,-0.0906,-0.08514,-0.09344,-0.078,-0.03915,-0.04944,-0.0793,-0.11536,-0.04697,-0.0775,-0.0626,-0.0862,-0.0499,-0.04825,-0.077,-0.0678,-0.08673,-0.0679,-0.03976,-0.07416,-0.0891,-0.10657,-0.10706,-0.0873,-0.0689,-0.1079,-0.103,-0.0931,-0.07794,-0.0901,-0.09106,-0.134,-0.0834,-0.0928,-0.0913,-0.1013,-0.08954,-0.08875,-0.0862,-0.05765,-0.06934,-0.0801,-0.08997,-0.08154,-0.064,-0.0861,-0.10706,-0.06058,-0.03824,-0.0866
1997,0.01794,0.07227,0.04825,0.0901,0.1033,0.07825,0.0756,0.05545,0.06525,0.0754,0.08154,0.05698,0.06757,0.08685,0.09717,0.0893,0.0511,0.0506,0.05582,0.05276,0.0496,0.01878,0.0891,0.05786,0.05908,0.0678,0.0647,0.065,0.04648,0.05582,0.06744,0.05637,0.08124,0.014915,0.10175,0.0766,0.05295,0.02664,0.0629,0.0644,0.08014,0.05463,0.03001,0.05325,0.0768,0.06604,0.0955,0.0655,0.02179,0.0477,0.06055,0.04388,0.1057,0.04678,0.0645,0.0662,0.0895,0.01657,0.06934,0.05557,0.0731,0.05206,0.05222,0.0698,0.0651,0.04062,0.04858,0.07245,0.0664,0.05783,0.0445,0.1028,0.06335,0.0568,0.10925,0.0247,0.0695,0.06366,0.0715,0.059,0.05865,0.07733,0.04434,0.0718,0.02861,0.0837,0.09393,0.1056,0.0709,0.0992,0.088,0.07605,0.05914,0.1045,0.0607,0.05905,0.01685,0.04996,0.06793,0.0645
1998,0.2174,0.2422,0.2368,0.2367,0.1833,0.2278,0.2275,0.1758,0.2458,0.1912,0.203,0.2537,0.2534,0.2487,0.236,0.22,0.2478,0.2372,0.24,0.2394,0.2388,0.2084,0.212,0.2448,0.191,0.2546,0.2448,0.2454,0.1891,0.2135,0.1982,0.2137,0.2101,0.2145,0.1946,0.1915,0.2399,0.2161,0.2495,0.242,0.1763,0.2415,0.226,0.2463,0.2351,0.186,0.2343,0.2456,0.2047,0.1897,0.1829,0.192,0.1882,0.1984,0.25,0.2466,0.2148,0.1998,0.2494,0.221,0.2246,0.2444,0.2363,0.2367,0.2211,0.235,0.2012,0.2096,0.2522,0.2145,0.2107,0.2054,0.183,0.2036,0.2098,0.2076,0.2008,0.1843,0.2113,0.2365,0.2129,0.2279,0.2279,0.2166,0.2172,0.1993,0.1838,0.186,0.2225,0.2234,0.1895,0.2046,0.2366,0.1923,0.2208,0.1815,0.2064,0.2467,0.254,0.1713
1999,-0.04385,-0.01188,-0.03586,-0.01859,-0.005703,-0.02464,-0.02003,-0.03445,-0.02768,-0.02,-0.02196,-0.00502,-0.01298,0.01604,-0.004364,-0.001437,-0.010895,-0.03026,-0.003033,-0.02809,-0.02457,-0.05713,-0.007385,-0.01822,-0.03894,-0.00824,-0.00919,-0.012566,-0.01773,-0.0456,-0.001433,-0.03072,-0.01836,-0.04688,0.03668,-0.0377,-0.02312,-0.05405,-0.01793,-0.05762,-0.00518,-0.02145,-0.0492,-0.02612,-0.02042,0.00947,-0.006023,-0.008354,-0.0519,-0.0278,-0.03076,-0.04922,-0.00407,-0.04053,-0.00678,-0.01137,-0.0254,-0.06082,-0.004505,-0.006927,-0.003141,-0.01694,-0.00664,-0.02856,-0.0186,-0.02824,-0.0772,-0.01215,-0.01419,-0.05865,-0.0673,0.00236,-0.02985,-0.0378,-0.005417,-0.049,-0.01865,-0.04248,-0.06274,-0.0301,-0.001756,0.006756,0.00585,-0.0412,-0.04248,-0.03592,0.03806,0.02219,-0.03268,-0.03513,-0.006016,0.02995,-0.02995,-0.02782,-0.02481,-0.02943,-0.05905,-0.01202,-0.01266,-0.03552
2000,-0.04245,0.007336,-0.01816,0.01561,0.000698,-0.01984,-0.03705,-0.001465,-0.02527,-0.01811,-0.02312,0.002337,-0.009026,-0.01917,-0.04184,-0.02655,-0.003538,-0.01192,-0.006176,-0.00974,-0.0187,-0.06113,-0.02542,-0.01627,-0.02893,-0.00629,-0.011246,-0.003605,-0.012535,-0.055,-0.005817,-0.03693,-0.007206,-0.04547,0.02657,-0.02159,-0.02116,-0.04166,0.000419,-0.04022,0.01342,-0.01952,-0.0337,-0.00466,-0.00942,-0.006935,-0.0435,-0.01041,-0.0599,-0.0221,-0.04666,-0.02623,-0.02367,-0.0002161,-0.004223,-0.00241,0.004494,-0.05783,-0.006557,0.000972,0.011955,-0.01872,-0.00979,-0.00886,0.003498,-0.01628,-0.0624,-0.012955,-0.01024,-0.03305,-0.0237,0.01036,-0.01374,-0.0228,0.01778,-0.057,-0.04172,-0.03616,-0.005955,-0.00571,-0.02516,-0.007645,-0.01695,-0.0231,-0.0459,-0.05112,-0.02025,-0.01272,-0.0331,-0.006237,-0.02159,-0.01965,-0.005547,0.02148,-0.0178,-0.04294,-0.06305,-0.00466,-0.008705,-0.01811
2001,0.1057,0.1119,0.1394,0.15,0.1147,0.08307,0.09894,0.1043,0.1318,0.11566,0.0915,0.1415,0.1458,0.14,0.0806,0.1068,0.1356,0.1225,0.1332,0.1247,0.1236,0.0997,0.10297,0.1354,0.07806,0.1454,0.1362,0.1328,0.08765,0.1323,0.1599,0.10205,0.09393,0.1027,0.1442,0.1272,0.1305,0.10187,0.1349,0.1062,0.1255,0.1322,0.10333,0.12335,0.1598,0.12427,0.079,0.1371,0.0966,0.1177,0.1193,0.1051,0.1299,0.1506,0.1404,0.134,0.1346,0.08765,0.1409,0.11487,0.132,0.10345,0.1295,0.1383,0.1476,0.122,0.0956,0.093,0.1445,0.1509,0.1197,0.09174,0.11456,0.1274,0.1159,0.0995,0.0916,0.1096,0.1002,0.1469,0.11804,0.1409,0.09467,0.1001,0.1078,0.1285,0.11475,0.11096,0.1503,0.1306,0.0932,0.161,0.147,0.10077,0.1294,0.09656,0.0977,0.1345,0.1461,0.1083
2002,0.196,0.213,0.1807,0.1873,0.1823,0.2062,0.1819,0.167,0.1854,0.137,0.223,0.1948,0.2004,0.167,0.2196,0.1954,0.189,0.1865,0.2007,0.1887,0.1887,0.1932,0.2026,0.1919,0.2191,0.2019,0.1884,0.1981,0.1765,0.1718,0.1984,0.1686,0.2168,0.193,0.1761,0.2173,0.187,0.2029,0.1989,0.1678,0.1848,0.1887,0.2012,0.1841,0.1893,0.18,0.2179,0.1891,0.1857,0.2242,0.2339,0.2241,0.1887,0.1707,0.211,0.1993,0.2134,0.19,0.193,0.1555,0.2245,0.1741,0.197,0.1934,0.1995,0.1935,0.209,0.207,0.1993,0.194,0.2124,0.1285,0.1974,0.2133,0.2024,0.1886,0.192,0.22,0.2102,0.1991,0.1924,0.1824,0.1598,0.1523,0.2155,0.1998,0.1914,0.166,0.189,0.1804,0.2025,0.2081,0.1992,0.1373,0.1874,0.1929,0.1913,0.1877,0.2008,0.1619
2003,0.1832,0.1764,0.211,0.1938,0.184,0.205,0.1694,0.1893,0.2218,0.1837,0.201,0.1945,0.1982,0.2012,0.1696,0.1929,0.1886,0.1907,0.1907,0.1929,0.1901,0.1793,0.2192,0.1906,0.2095,0.2006,0.1924,0.186,0.1914,0.1884,0.1892,0.1897,0.1797,0.1802,0.2062,0.1768,0.1857,0.1946,0.203,0.2014,0.1984,0.1874,0.1827,0.1782,0.1804,0.1791,0.168,0.1932,0.1772,0.1964,0.2224,0.2361,0.1838,0.1932,0.2001,0.1873,0.1757,0.1654,0.1971,0.1982,0.1858,0.2063,0.1871,0.2142,0.1805,0.1791,0.19,0.2139,0.197,0.1727,0.1866,0.2211,0.2014,0.1997,0.2233,0.18,0.1749,0.2076,0.1713,0.2072,0.2034,0.2056,0.2148,0.1976,0.192,0.2113,0.196,0.2319,0.2094,0.2037,0.1952,0.2189,0.2074,0.1782,0.1722,0.1963,0.1775,0.1875,0.1985,0.1714
2004,0.1168,0.1332,0.1243,0.1089,0.1257,0.1064,0.10034,0.1267,0.1126,0.1165,0.1079,0.1095,0.1174,0.1046,0.11456,0.0974,0.10364,0.0987,0.11804,0.1008,0.09705,0.11676,0.0976,0.10956,0.10406,0.11957,0.1056,0.1141,0.08185,0.1064,0.1008,0.11,0.1018,0.11383,0.11255,0.137,0.1047,0.12103,0.111,0.1257,0.11584,0.1063,0.1265,0.10333,0.1279,0.1031,0.1129,0.1064,0.109,0.1027,0.1148,0.1161,0.12354,0.1103,0.1112,0.1153,0.1323,0.112,0.1102,0.07227,0.1099,0.1339,0.11444,0.10455,0.1153,0.1072,0.1046,0.1311,0.1162,0.12494,0.1084,0.1288,0.11285,0.1228,0.1103,0.1119,0.10187,0.08325,0.0906,0.1298,0.1154,0.1174,0.1271,0.1042,0.12164,0.112,0.11884,0.1169,0.1093,0.135,0.0889,0.1063,0.13,0.11176,0.10767,0.09814,0.11487,0.1025,0.11774,0.1304
2005,0.2808,0.2708,0.2637,0.2393,0.2407,0.2747,0.2644,0.264,0.265,0.2351,0.2568,0.2827,0.291,0.2507,0.25,0.2876,0.2769,0.2627,0.2856,0.265,0.282,0.2786,0.2515,0.2808,0.2627,0.2908,0.285,0.278,0.2474,0.2515,0.2678,0.2319,0.2725,0.2778,0.2517,0.2559,0.276,0.2756,0.275,0.2462,0.2438,0.2776,0.2883,0.2744,0.249,0.238,0.2484,0.286,0.279,0.2603,0.2507,0.2416,0.2429,0.2842,0.2913,0.2793,0.243,0.2666,0.2898,0.239,0.239,0.2693,0.282,0.2695,0.221,0.2756,0.2832,0.273,0.2898,0.2578,0.2588,0.2734,0.2422,0.2415,0.2491,0.282,0.271,0.2438,0.2343,0.2766,0.2617,0.2637,0.2489,0.2588,0.2922,0.264,0.2297,0.2296,0.2142,0.2698,0.2563,0.2595,0.2769,0.2283,0.2286,0.2737,0.2769,0.276,0.2915,0.2537
2006,0.235,0.2246,0.2133,0.2112,0.2368,0.2167,0.2206,0.2054,0.2192,0.2177,0.2163,0.2137,0.2169,0.2336,0.2224,0.2034,0.2079,0.2035,0.2208,0.2057,0.201,0.2302,0.224,0.209,0.2324,0.219,0.2172,0.2091,0.2358,0.2212,0.2052,0.2245,0.2188,0.232,0.2546,0.2295,0.2041,0.2397,0.2158,0.2053,0.2505,0.2058,0.2329,0.1959,0.219,0.2354,0.2207,0.2179,0.2345,0.231,0.2141,0.2274,0.2162,0.2216,0.2203,0.2103,0.2281,0.2208,0.2218,0.1973,0.237,0.2229,0.2172,0.2197,0.2332,0.211,0.2256,0.2434,0.2157,0.2059,0.2097,0.2278,0.2184,0.2008,0.2434,0.2374,0.214,0.1857,0.2113,0.217,0.2103,0.2335,0.2426,0.2012,0.2446,0.2092,0.2322,0.2412,0.2211,0.2091,0.2202,0.2216,0.2173,0.2288,0.2246,0.2002,0.2283,0.2068,0.2172,0.221
2007,0.235,0.2251,0.236,0.2338,0.2223,0.2317,0.2284,0.2134,0.2273,0.2122,0.2102,0.1989,0.196,0.1912,0.2283,0.229,0.193,0.1892,0.219,0.1914,0.1917,0.2323,0.2433,0.1962,0.2161,0.2062,0.201,0.201,0.2484,0.2196,0.2242,0.2156,0.2173,0.2319,0.2351,0.2351,0.1913,0.2404,0.2015,0.2322,0.2363,0.193,0.2477,0.1959,0.2198,0.2051,0.2267,0.2019,0.2332,0.2393,0.2473,0.255,0.2162,0.2457,0.2056,0.2023,0.2515,0.2277,0.2057,0.2164,0.2532,0.1968,0.2153,0.2542,0.2524,0.1722,0.2266,0.1975,0.1948,0.2406,0.2247,0.2656,0.2019,0.2445,0.2178,0.2361,0.2196,0.2146,0.259,0.233,0.1978,0.2191,0.2245,0.2617,0.2449,0.2302,0.2164,0.2319,0.229,0.2297,0.2434,0.2091,0.2333,0.2363,0.2167,0.231,0.2303,0.1919,0.1964,0.2051
2008,0.10156,0.1102,0.1267,0.1062,0.1208,0.10016,0.10736,0.1099,0.09784,0.1184,0.1063,0.0686,0.0668,0.1273,0.11414,0.1233,0.06274,0.0669,0.0808,0.06903,0.0682,0.0986,0.1108,0.0657,0.1061,0.0757,0.0765,0.0785,0.1097,0.119,0.1306,0.0992,0.1252,0.0985,0.1177,0.11804,0.0608,0.11487,0.0792,0.1003,0.1729,0.06244,0.1134,0.0647,0.1177,0.1267,0.1125,0.0773,0.10547,0.1304,0.10785,0.1186,0.1232,0.1188,0.0793,0.07965,0.1145,0.102,0.0811,0.08264,0.1066,0.11584,0.07715,0.1367,0.11,0.05878,0.09357,0.1066,0.06555,0.1376,0.0982,0.1466,0.11383,0.08673,0.1328,0.1084,0.1027,0.1149,0.08923,0.1292,0.11005,0.09814,0.1466,0.1159,0.1153,0.136,0.1292,0.1333,0.1103,0.11774,0.0769,0.121,0.1294,0.1277,0.1247,0.1299,0.0966,0.06158,0.06714,0.0973
2009,0.243,0.209,0.2461,0.2144,0.2377,0.2384,0.247,0.2239,0.2399,0.2236,0.218,0.2141,0.2015,0.2113,0.2507,0.2234,0.2083,0.2006,0.2036,0.2028,0.2031,0.2253,0.2289,0.1965,0.252,0.2065,0.2036,0.2097,0.2218,0.2141,0.2642,0.2451,0.2483,0.24,0.2291,0.2429,0.1917,0.2444,0.2129,0.2231,0.2128,0.1932,0.2362,0.1915,0.2363,0.2141,0.2489,0.2045,0.2286,0.2441,0.2766,0.2251,0.2219,0.2396,0.213,0.2109,0.2379,0.2292,0.2083,0.2258,0.2494,0.2445,0.2,0.2399,0.2458,0.1938,0.2676,0.2551,0.2003,0.267,0.2163,0.2323,0.2416,0.247,0.2308,0.2316,0.2324,0.2146,0.2223,0.2247,0.2257,0.209,0.2148,0.2388,0.2452,0.2325,0.2668,0.2106,0.2644,0.2479,0.2489,0.213,0.225,0.2156,0.2362,0.2212,0.2234,0.2072,0.2018,0.2163
2010,0.3347,0.3127,0.32,0.3218,0.3403,0.288,0.3276,0.2725,0.3223,0.34,0.3394,0.3098,0.3015,0.3005,0.3303,0.3054,0.304,0.289,0.3171,0.2913,0.2944,0.3188,0.3618,0.2942,0.298,0.3042,0.295,0.293,0.3416,0.3262,0.32,0.304,0.2898,0.3315,0.349,0.3162,0.2893,0.3286,0.3013,0.3318,0.3188,0.291,0.327,0.2861,0.363,0.33,0.3286,0.2957,0.3154,0.3137,0.2969,0.2952,0.3147,0.3354,0.2988,0.2942,0.349,0.308,0.2996,0.3125,0.3313,0.294,0.3135,0.3264,0.3384,0.2844,0.2966,0.308,0.3003,0.3523,0.2954,0.3564,0.3035,0.3188,0.3142,0.3184,0.325,0.2817,0.2974,0.3345,0.289,0.3157,0.316,0.3386,0.3267,0.2869,0.3235,0.3806,0.3254,0.3303,0.2915,0.2952,0.3347,0.3074,0.323,0.2886,0.317,0.303,0.302,0.2954
2011,0.1914,0.197,0.1885,0.2087,0.2386,0.2054,0.1962,0.1576,0.2018,0.1741,0.2152,0.1971,0.19,0.157,0.2117,0.2102,0.1913,0.1887,0.1976,0.1909,0.1814,0.1787,0.2097,0.1844,0.1953,0.1945,0.1906,0.191,0.2064,0.1698,0.2084,0.172,0.224,0.1885,0.2317,0.2037,0.1796,0.198,0.201,0.1892,0.1973,0.1813,0.1938,0.1838,0.1915,0.1903,0.21,0.1914,0.181,0.1934,0.1946,0.1893,0.1902,0.2025,0.1934,0.1923,0.168,0.1759,0.1953,0.1907,0.2229,0.1631,0.194,0.1963,0.1975,0.175,0.1606,0.1953,0.1887,0.1805,0.167,0.2064,0.1847,0.1553,0.2147,0.184,0.1802,0.1624,0.1882,0.1874,0.1895,0.2266,0.1698,0.1791,0.1907,0.1873,0.2145,0.2086,0.1995,0.1943,0.1858,0.1746,0.1875,0.1726,0.1826,0.1906,0.1768,0.1902,0.1903,0.1558
2012,0.2311,0.1903,0.2334,0.2006,0.2158,0.2269,0.2324,0.1978,0.2255,0.257,0.2317,0.2188,0.2228,0.2976,0.2094,0.2073,0.2128,0.2212,0.2352,0.2234,0.2251,0.2313,0.2266,0.2189,0.2351,0.2289,0.2382,0.2252,0.2617,0.2041,0.2292,0.207,0.2463,0.228,0.2551,0.2203,0.214,0.2487,0.2335,0.2214,0.2678,0.2157,0.2404,0.2122,0.2319,0.2358,0.2076,0.2389,0.2466,0.2227,0.2205,0.2455,0.2563,0.2244,0.2251,0.2263,0.2313,0.228,0.2428,0.2056,0.2454,0.2164,0.2317,0.2377,0.24,0.2106,0.2212,0.2354,0.2216,0.2356,0.2217,0.2698,0.2135,0.231,0.2588,0.2495,0.2153,0.197,0.2242,0.2214,0.2056,0.274,0.263,0.221,0.2406,0.2356,0.2468,0.2595,0.2042,0.2151,0.2284,0.2345,0.2216,0.2517,0.2308,0.2086,0.2294,0.2117,0.2231,0.191
2013,0.2717,0.2491,0.2922,0.296,0.2493,0.233,0.2335,0.236,0.2905,0.2883,0.271,0.2866,0.2776,0.2944,0.231,0.2362,0.2808,0.2703,0.2888,0.2725,0.2722,0.2554,0.2659,0.2703,0.252,0.2803,0.277,0.2834,0.295,0.2474,0.2484,0.2686,0.2551,0.2688,0.2786,0.2284,0.2654,0.27,0.2825,0.2844,0.2607,0.267,0.2717,0.2708,0.2544,0.2686,0.2292,0.278,0.2583,0.2627,0.2576,0.282,0.2732,0.3071,0.2852,0.2847,0.2673,0.2593,0.282,0.244,0.262,0.243,0.2852,0.2773,0.2876,0.261,0.2373,0.2463,0.2764,0.2788,0.2393,0.2856,0.263,0.2454,0.3037,0.2612,0.2307,0.2517,0.2693,0.2479,0.2445,0.269,0.276,0.2622,0.2732,0.265,0.306,0.3062,0.277,0.2676,0.2234,0.2683,0.248,0.2439,0.2808,0.249,0.2534,0.2798,0.278,0.2303
2014,0.305,0.3015,0.3208,0.334,0.3572,0.294,0.3003,0.3157,0.3416,0.361,0.3257,0.3171,0.3142,0.3635,0.312,0.2988,0.3113,0.3105,0.32,0.3125,0.3064,0.295,0.3008,0.3071,0.3237,0.3171,0.3235,0.3147,0.3271,0.316,0.3438,0.2927,0.322,0.3018,0.3567,0.3235,0.3022,0.3132,0.3228,0.3296,0.3335,0.304,0.311,0.3079,0.3381,0.361,0.3103,0.3245,0.3074,0.3486,0.3093,0.339,0.3396,0.2988,0.323,0.316,0.3235,0.293,0.3284,0.296,0.3367,0.3118,0.3164,0.3364,0.3362,0.3108,0.294,0.3247,0.313,0.334,0.3076,0.3428,0.3079,0.3254,0.3677,0.3103,0.3154,0.3276,0.3186,0.326,0.321,0.3354,0.3364,0.2983,0.3137,0.3503,0.3164,0.3335,0.339,0.3206,0.3115,0.3687,0.3262,0.3672,0.3103,0.308,0.293,0.3103,0.3147,0.3513
2015,0.4475,0.473,0.49,0.45,0.4683,0.466,0.4685,0.472,0.4648,0.507,0.4595,0.4548,0.4585,0.5215,0.481,0.4395,0.449,0.4668,0.48,0.469,0.4604,0.4463,0.4768,0.4536,0.4712,0.4636,0.4653,0.461,0.51,0.4634,0.4805,0.467,0.4487,0.4446,0.5303,0.4395,0.4487,0.474,0.479,0.4565,0.4985,0.4504,0.4585,0.45,0.4736,0.5117,0.4792,0.4663,0.454,0.495,0.4802,0.4722,0.507,0.4707,0.458,0.4622,0.4575,0.444,0.4702,0.4443,0.4731,0.482,0.4763,0.4739,0.4812,0.4363,0.478,0.482,0.4573,0.4902,0.46,0.5376,0.4841,0.4905,0.549,0.457,0.44,0.4734,0.468,0.4766,0.4536,0.4875,0.502,0.4841,0.4536,0.4817,0.5005,0.5273,0.4658,0.4639,0.454,0.5107,0.4766,0.491,0.4749,0.4546,0.4443,0.448,0.459,0.463
2016,0.6436,0.598,0.5825,0.5864,0.6045,0.5894,0.571,0.598,0.5854,0.5986,0.5913,0.6436,0.6353,0.6045,0.614,0.648,0.6377,0.6294,0.645,0.6313,0.634,0.6304,0.5806,0.6313,0.576,0.641,0.6284,0.638,0.603,0.571,0.6216,0.5566,0.6035,0.64,0.6104,0.568,0.626,0.644,0.6416,0.563,0.6064,0.628,0.637,0.622,0.596,0.566,0.612,0.629,0.624,0.5737,0.583,0.601,0.588,0.5586,0.64,0.639,0.5684,0.628,0.633,0.564,0.613,0.607,0.641,0.5703,0.5923,0.6094,0.5464,0.592,0.634,0.5815,0.593,0.615,0.61,0.5786,0.641,0.627,0.564,0.567,0.6,0.564,0.6016,0.583,0.6074,0.578,0.643,0.5674,0.5933,0.583,0.584,0.588,0.5986,0.612,0.564,0.5684,0.592,0.6357,0.6284,0.6367,0.6353,0.601
2017,0.5454,0.5117,0.5063,0.507,0.513,0.4836,0.4868,0.514,0.4949,0.5146,0.511,0.52,0.5137,0.506,0.495,0.4995,0.514,0.5083,0.5205,0.5107,0.515,0.5366,0.505,0.511,0.475,0.521,0.5073,0.5215,0.5083,0.4805,0.508,0.4832,0.5396,0.5425,0.537,0.5063,0.5063,0.5493,0.5205,0.4866,0.517,0.508,0.545,0.5034,0.4883,0.5034,0.4934,0.508,0.5293,0.507,0.4949,0.4927,0.4875,0.4834,0.519,0.523,0.486,0.538,0.5117,0.4805,0.4902,0.512,0.517,0.4885,0.4792,0.505,0.479,0.4902,0.512,0.495,0.4768,0.5454,0.503,0.4785,0.502,0.532,0.496,0.4507,0.4949,0.4795,0.504,0.4766,0.5005,0.509,0.548,0.5063,0.4963,0.515,0.509,0.481,0.5103,0.514,0.4797,0.4954,0.4585,0.496,0.5347,0.513,0.5137,0.505
2018,0.458,0.413,0.4246,0.411,0.42,0.401,0.3826,0.4382,0.4119,0.3887,0.4307,0.422,0.4238,0.4004,0.4504,0.4536,0.4163,0.4153,0.4417,0.4175,0.427,0.455,0.423,0.4194,0.4316,0.4294,0.4248,0.4275,0.4277,0.3933,0.429,0.386,0.456,0.4548,0.4475,0.447,0.4146,0.4658,0.4275,0.3948,0.4395,0.4163,0.462,0.4102,0.4119,0.4385,0.4487,0.4255,0.4565,0.4558,0.4153,0.4373,0.3987,0.4165,0.4216,0.4287,0.386,0.4539,0.4294,0.389,0.428,0.4495,0.438,0.407,0.4087,0.4082,0.4065,0.4507,0.4226,0.4282,0.4272,0.4087,0.455,0.4004,0.4568,0.4595,0.3982,0.43,0.4133,0.399,0.4336,0.3735,0.409,0.3955,0.4604,0.4443,0.3918,0.4136,0.41,0.3923,0.4114,0.4016,0.3992,0.3738,0.4065,0.4546,0.4531,0.4153,0.424,0.4272
2019,0.5938,0.5376,0.5317,0.525,0.5205,0.5493,0.5806,0.544,0.5215,0.546,0.55,0.5654,0.5664,0.535,0.598,0.587,0.5596,0.5527,0.575,0.555,0.5557,0.5903,0.5615,0.562,0.559,0.5723,0.565,0.5635,0.53,0.5337,0.5605,0.5283,0.57,0.591,0.55,0.566,0.557,0.5967,0.5654,0.5327,0.5654,0.559,0.586,0.5415,0.5425,0.55,0.5967,0.5654,0.5894,0.5674,0.562,0.575,0.573,0.554,0.557,0.565,0.529,0.583,0.5693,0.5117,0.542,0.5283,0.572,0.535,0.515,0.5464,0.5513,0.559,0.565,0.5537,0.562,0.5703,0.559,0.559,0.563,0.5923,0.539,0.5176,0.5654,0.526,0.5605,0.5093,0.5527,0.5386,0.589,0.5625,0.5503,0.5547,0.5444,0.4949,0.548,0.572,0.5264,0.536,0.518,0.5806,0.5884,0.5586,0.5664,0.5493
2020,0.626,0.5854,0.5273,0.565,0.6084,0.5894,0.5903,0.5815,0.59,0.588,0.59,0.5786,0.5806,0.593,0.5996,0.5864,0.5728,0.5767,0.5894,0.579,0.5747,0.623,0.596,0.576,0.5806,0.586,0.5786,0.5776,0.565,0.561,0.5874,0.564,0.616,0.6226,0.586,0.572,0.5713,0.639,0.5894,0.5366,0.586,0.5728,0.6323,0.57,0.572,0.62,0.598,0.5796,0.622,0.6245,0.566,0.588,0.5728,0.575,0.5835,0.579,0.568,0.615,0.5835,0.538,0.602,0.555,0.5854,0.572,0.583,0.5635,0.578,0.585,0.579,0.576,0.5757,0.6133,0.594,0.569,0.629,0.625,0.54,0.576,0.5845,0.564,0.6143,0.584,0.5996,0.5747,0.634,0.5723,0.5776,0.603,0.5835,0.5796,0.554,0.539,0.564,0.577,0.575,0.5854,0.621,0.5713,0.5806,0.5864
2021,0.4631,0.439,0.4028,0.4072,0.454,0.428,0.3992,0.4163,0.4402,0.4346,0.4363,0.3916,0.3975,0.418,0.4673,0.4436,0.3855,0.3894,0.4033,0.3916,0.3896,0.4626,0.4536,0.3909,0.4248,0.401,0.3955,0.3967,0.4285,0.4226,0.407,0.402,0.4478,0.46,0.4172,0.43,0.386,0.4763,0.4019,0.4167,0.436,0.3877,0.4697,0.3823,0.4375,0.471,0.4656,0.3965,0.4634,0.4634,0.4265,0.444,0.4333,0.414,0.4067,0.398,0.3901,0.459,0.4004,0.3865,0.4414,0.436,0.3997,0.4363,0.4148,0.3875,0.3833,0.437,0.3962,0.4312,0.4297,0.4543,0.4265,0.4172,0.4277,0.4663,0.399,0.3958,0.4463,0.4028,0.4111,0.4312,0.4578,0.405,0.4817,0.3948,0.4421,0.4707,0.4287,0.4197,0.4397,0.445,0.403,0.4324,0.4148,0.438,0.4607,0.3845,0.3977,0.4438
2022,0.4932,0.4722,0.4324,0.4326,0.436,0.4814,0.4993,0.449,0.4421,0.4211,0.447,0.4626,0.4658,0.4907,0.49,0.4968,0.4568,0.4617,0.4612,0.4639,0.4468,0.4875,0.4822,0.457,0.4453,0.467,0.462,0.4668,0.4504,0.463,0.4644,0.4656,0.4788,0.4902,0.466,0.478,0.4521,0.5073,0.4739,0.4204,0.4663,0.4539,0.4932,0.447,0.4458,0.476,0.4883,0.463,0.4888,0.4927,0.4587,0.459,0.4348,0.4548,0.459,0.468,0.4375,0.4878,0.4668,0.4448,0.4932,0.4648,0.4575,0.4233,0.4653,0.451,0.4224,0.4502,0.4646,0.4475,0.4668,0.4604,0.4683,0.4548,0.4817,0.4917,0.4583,0.4565,0.4692,0.455,0.439,0.4006,0.4573,0.4326,0.4927,0.447,0.4705,0.4727,0.4353,0.4365,0.461,0.52,0.455,0.449,0.454,0.4902,0.4856,0.4558,0.466,0.4585
2023,0.7935,0.7764,0.76,0.7617,0.767,0.7695,0.7534,0.7437,0.7417,0.754,0.735,0.7837,0.7866,0.7485,0.7817,0.779,0.778,0.7646,0.7954,0.767,0.7783,0.7886,0.7734,0.7793,0.741,0.789,0.781,0.7803,0.7896,0.7446,0.746,0.756,0.7544,0.7905,0.761,0.775,0.7744,0.7896,0.7773,0.733,0.79,0.776,0.797,0.7715,0.778,0.808,0.78,0.7817,0.7866,0.7866,0.7446,0.728,0.77,0.758,0.7764,0.7812,0.7417,0.7803,0.7856,0.7344,0.787,0.757,0.792,0.762,0.767,0.7603,0.7637,0.755,0.785,0.7627,0.7485,0.796,0.748,0.73,0.799,0.7896,0.76,0.7637,0.7373,0.744,0.748,0.7686,0.779,0.75,0.7896,0.741,0.7827,0.7847,0.754,0.7373,0.7554,0.8037,0.7446,0.743,0.735,0.7607,0.7866,0.7764,0.7866,0.706
2024,0.914,0.8394,0.787,0.84,0.8535,0.8574,0.872,0.8164,0.8257,0.8296,0.8467,0.8857,0.8867,0.861,0.8555,0.8613,0.88,0.8706,0.895,0.873,0.8706,0.906,0.8433,0.8774,0.877,0.8877,0.8867,0.8774,0.8643,0.821,0.8516,0.829,0.865,0.911,0.8843,0.864,0.8726,0.9146,0.8833,0.8345,0.875,0.8745,0.9087,0.8643,0.857,0.856,0.854,0.8877,0.911,0.8765,0.851,0.856,0.788,0.8154,0.893,0.879,0.8125,0.8965,0.8916,0.801,0.851,0.853,0.891,0.8076,0.823,0.8745,0.8506,0.88,0.8853,0.8403,0.8535,0.8735,0.87,0.824,0.858,0.914,0.808,0.8325,0.8594,0.826,0.829,0.8203,0.856,0.8315,0.925,0.9014,0.8315,0.842,0.8447,0.829,0.8506,0.885,0.8267,0.828,0.827,0.8696,0.904,0.879,0.8867,0.8555
